first_name,last_name,EIN,Department
Ola,Spaxman,42-7680725,Human Resources
Judd,Moden,12-3565538,Accounting
Vale,Gorvin,39-4754754,Support
Murdock,Camillo,01-3838977,Accounting
Ellwood,Klawi,96-1366473,Research and Development
Nani,Tomley,06-7057441,Training
Tomaso,Doble,38-2520458,Research and Development
Natassia,Elcoat,73-8133122,Marketing
Dell,Hulk,93-3056868,Human Resources
Eustacia,Yeskov,30-3371434,Engineering
Dolorita,Espinoy,46-8748742,Legal
Jeno,Soldner,34-8406140,Sales
Gabi,Linstead,76-5707512,Legal
Nike,Newman,66-9143150,Research and Development
Rolf,Searby,13-7959108,Training
Ahmed,Donovan,51-2034960,Engineering
Jenny,Daice,14-6944532,Human Resources
Izzy,Maskell,87-4044363,Engineering
Shayna,Wheatcroft,88-9103546,Accounting
Giacopo,Verrechia,60-8327397,Sales
Wenda,Rolfini,37-1893920,Marketing
Nora,Catton,85-9340834,Research and Development
Moss,Dallosso,78-8187131,Research and Development
Tersina,MacCumeskey,43-5305981,Business Development
Caro,Scally,42-0741911,Sales
Herbie,Higbin,04-0011710,Legal
Leone,Van Der Hoog,13-0124395,Accounting
Murial,Seiffert,34-8359928,Marketing
Quincey,Joselin,38-4542513,Marketing
Myca,Gooderridge,70-9992436,Marketing
Frank,Massinger,07-6207686,Accounting
Nikoletta,Eggleton,30-1926376,Legal
Paolina,Amor,73-5493934,Business Development
Melitta,Greenlies,93-6951019,Training
Faulkner,Hoofe,00-8448358,Human Resources
Ephrem,Robshaw,36-8459696,Research and Development
Rock,Dugmore,73-2680274,Training
Lodovico,Kenson,61-3536302,Business Development
Yankee,Reaney,16-0647309,Support
Trix,Dhennin,50-2446506,Product Management
Tate,Kingzet,56-8631356,Marketing
Rosamond,Halliburton,72-5186749,Product Management
Felicdad,Gleave,13-5406336,Accounting
Caresse,Ricciardi,30-0384532,Training
Brandy,Djurevic,14-3225659,Support
Kippar,Begwell,79-4250901,Support
Rockey,Piotr,19-9788232,Support
Georgina,Scrooby,64-1097100,Training
Felicle,Ling,32-7839283,Sales
Meade,Etty,24-1380876,Business Development
Patton,Painswick,34-7799494,Engineering
Amerigo,Toffolini,46-2406518,Sales
Homere,Ilsley,34-1264727,Research and Development
Celie,Cobson,32-6645466,Engineering
Bryn,Hanington,38-0298577,Business Development
Kerry,Buttle,00-1501954,Business Development
Sorcha,Dormer,84-7717354,Human Resources
Gayler,Burgiss,73-6694027,Human Resources
Keary,Jonson,74-3719872,Business Development
Karleen,Briztman,14-5328349,Product Management
Faustine,Rocks,27-4978997,Research and Development
Roch,Godber,11-1317738,Human Resources
Lewiss,Donaho,47-6912304,Services
Isa,Lysaght,60-1791970,Product Management
Leonanie,Dallimore,19-2528955,Training
Bondon,Vaan,36-9878809,Business Development
Foster,Rosenfelt,74-2855958,Human Resources
Mandie,Grewes,15-2335162,Legal
Elnora,Wiltshier,48-0947329,Product Management
Vale,Thornhill,27-2247014,Product Management
Antin,Dispencer,50-7219365,Legal
Jameson,Wressell,27-9358546,Human Resources
Yalonda,Vasenin,32-6914157,Engineering
Zaria,Mollin,45-2488293,Services
Winny,Noore,30-5981128,Marketing
Doralynne,Dundredge,60-1912420,Research and Development
Henry,Grouse,83-7200706,Human Resources
Orelle,Jacquest,81-4149738,Business Development
Lodovico,Kasman,44-9206435,Research and Development
Dehlia,Shenton,68-4038874,Engineering
Karlotta,Extil,98-8029367,Legal
Arlyne,Baughen,22-4396884,Engineering
Weider,Kinnin,00-2913515,Marketing
Babette,Dibbe,78-8439835,Support
Claudia,Sperry,51-6804917,Research and Development
Dionisio,Cranmor,19-9581171,Services
Pippy,Denison,59-8831967,Training
Tonia,Esposito,40-2540822,Support
Harmony,Richarson,73-1317919,Sales
Ealasaid,Dollar,56-5824066,Training
Drew,Oloshkin,83-2262670,Services
Aubert,Stobbe,70-7256781,Product Management
Andromache,Rossbrook,82-2432730,Legal
Zachery,Giffard,14-3279476,Business Development
Floyd,Espadero,08-9660350,Services
Gaspard,Smee,82-7054509,Support
Electra,Giacomini,81-3279439,Legal
Clarissa,MacColl,73-2709928,Business Development
Leigha,Hollyland,02-9011932,Legal
Kienan,Sellen,16-8313594,Sales
Ruthann,Aucoate,74-9763579,Human Resources
Wiley,Dearing,49-7999976,Legal
Dalis,Pratton,21-9964859,Marketing
Kristo,Dix,05-8016744,Legal
Aleece,Rutland,75-3852585,Research and Development
Douglas,Rooson,38-7970686,Services
Lula,Simonot,66-1276948,Accounting
Larina,Maciocia,25-7967934,Product Management
Bonnie,Smedley,34-4563732,Support
Ivonne,Lemon,77-7151222,Human Resources
Boonie,Nesby,83-6777878,Services
Rheta,Sisley,11-0451904,Support
Scot,Leal,55-1526529,Services
Brianne,Toor,05-4623129,Research and Development
Hamish,Gullberg,07-5622434,Training
Valeria,Devin,21-6021420,Accounting
Calhoun,Chrestien,30-5260543,Accounting
Emyle,Eddy,27-1085270,Support
Wolfy,Blade,59-2522276,Business Development
Yasmin,Tomaszczyk,37-1453895,Legal
Bennie,Borwick,58-1209427,Research and Development
Ranique,Baudoux,98-3259963,Sales
Reuven,Cloake,62-5150298,Product Management
Lira,Levin,19-4584969,Marketing
Alvin,Baldrick,58-8254295,Training
Robina,Schroeder,42-6849016,Support
Philip,Bjerkan,55-4885985,Human Resources
Lyn,Korf,07-4630270,Legal
Berry,Joiner,64-4273024,Human Resources
Petronia,Criple,80-5002478,Accounting
Nils,Dionisi,71-9644469,Sales
Mahmud,Bruyns,56-9883112,Legal
Christie,Fayerbrother,69-2743317,Marketing
Stearne,Everington,58-4500720,Accounting
Ruben,Prowse,06-1623306,Business Development
Ulrika,Milksop,47-8059506,Marketing
Meghann,Coleford,20-0321058,Engineering
Lindsay,Barreau,47-6427420,Business Development
Pancho,Yuryaev,08-0330533,Legal
Tallulah,Bracey,52-2544004,Marketing
Emmett,Feifer,58-8693791,Support
Inna,Roughan,12-7886093,Training
Marj,Gladden,27-2179254,Training
Cinnamon,Emblin,30-9421846,Engineering
Tamra,Midlar,85-1610561,Legal
Tedman,Handaside,94-1808903,Accounting
Ruby,Parriss,35-1718457,Sales
Chandra,Sterndale,01-8252200,Research and Development
Coletta,Corsor,47-0882713,Accounting
Reeba,Simenel,09-2336473,Marketing
Carline,Offer,44-2056928,Sales
Jack,Cluely,20-9482586,Support
Niel,Arlett,14-2816484,Training
Terri-jo,Chansonnau,06-8483562,Services
Deerdre,Marsland,52-0872532,Sales
Odell,Culter,38-4467848,Support
Lock,O'Grada,48-9084310,Support
Esme,Naile,21-4886933,Support
Monika,Chismon,73-2994196,Training
Farah,Banat,64-5890147,Accounting
Temp,Cisson,23-5707198,Marketing
Dani,Hoyte,58-3698040,Training
Delcine,Mardell,47-8661014,Sales
Tyrone,Dunkinson,26-6975688,Sales
Marlene,Guidetti,84-4875129,Engineering
Lynne,Wressell,11-4601243,Product Management
Dorelle,McNab,00-6000076,Product Management
Mikel,Bullocke,25-1162123,Legal
Shae,Gaunter,99-9302567,Business Development
Neall,Fawltey,48-7794303,Services
Sam,MacAloren,03-0232762,Human Resources
Ilka,Petranek,84-5570217,Human Resources
Alaster,Ragate,83-1426899,Sales
Christyna,Capin,03-3294123,Legal
Goldie,Doche,91-1890073,Human Resources
Natty,Dyott,78-2539622,Sales
Tanya,McGilvra,24-3694888,Legal
Judye,Lujan,83-1096462,Product Management
Nike,Blues,12-9638870,Sales
Giavani,Search,78-3455521,Research and Development
Faustine,Wanell,72-4218536,Product Management
Brockie,Simyson,67-5073258,Sales
Jacki,Flaonier,40-5440464,Accounting
Hilario,Tweddell,96-2661873,Services
Alis,Osment,41-1930396,Engineering
Ariella,Clabburn,50-6864778,Sales
Larine,Jacks,52-6356534,Support
Renee,Napoleone,96-1987733,Engineering
Ingrid,Redmond,89-9344977,Services
Amalia,Geerling,38-2740867,Training
Neron,Abbatini,69-7107513,Research and Development
Frederic,Ashfield,22-4324851,Engineering
Blondie,Andraud,71-7880271,Research and Development
Barret,Pinhorn,92-2287768,Business Development
Tris,Covell,38-0559072,Sales
Evangelin,Rockell,23-6184567,Training
Gypsy,Blacklawe,79-2113572,Services
Dominic,Fannin,78-1662823,Support
Tan,Goodlad,04-5436389,Research and Development
Bendick,Toffanelli,94-6427816,Research and Development
Araldo,Vallack,17-0675567,Support
Pepito,Smithyman,42-5345381,Services
Gib,Vasenkov,22-4819401,Engineering
Maddy,Ingerfield,42-4827788,Accounting
Alfie,Gohn,15-3136048,Marketing
Stacey,Carder,03-5702877,Engineering
Elmer,Beardwell,02-8725473,Research and Development
Betsy,Brimson,68-3749047,Support
Melisandra,Fiske,24-4281520,Legal
Gaye,Duly,69-1420893,Legal
Algernon,Pack,46-9389664,Human Resources
Dukey,Huntress,10-0314319,Legal
Gianina,Seaborn,81-7068230,Support
Fletch,Dakhov,70-5824164,Marketing
Leonidas,Cranmere,48-3169158,Human Resources
Melisenda,Beardow,22-0610713,Marketing
Bearnard,Pettifor,91-9851796,Legal
Raul,Whithalgh,43-9685283,Sales
Terrye,Mordey,66-1986999,Accounting
Kial,Hearse,28-1277435,Marketing
Jaclin,Murdie,83-9422589,Business Development
Aloisia,Warder,27-8239343,Marketing
Gan,Whithalgh,17-8033702,Sales
Benito,Curr,42-0778429,Business Development
Vivianna,Williams,66-2980671,Marketing
Loretta,Wheeliker,30-6529888,Engineering
Malanie,Rimer,69-6250296,Support
Bobbi,Yele,53-2273831,Engineering
Sandy,Sievewright,66-4493168,Business Development
Erich,Fitchew,13-3933212,Product Management
Noby,Crutchley,22-7827581,Services
Clifford,Ebbens,17-0445107,Legal
Susanna,Levesque,49-0964943,Services
Eleni,Gaynes,20-8320648,Human Resources
Charlotta,Meeus,77-4157427,Human Resources
Heall,Clacey,73-4018906,Support
Orrin,Hek,35-6737980,Human Resources
Trixy,Fiddler,85-1619793,Sales
Clarita,Clarkin,28-8093247,Support
Karlene,Sallenger,84-3922328,Product Management
Vi,MacVaugh,79-6693361,Marketing
Caprice,Oxford,18-7619408,Accounting
Malcolm,McElvine,88-2156958,Sales
Levy,Losano,89-5981822,Research and Development
Josefina,Lambe,92-0044240,Sales
Meredith,Hackey,66-1743133,Business Development
Gris,Kleinhaus,74-7633140,Accounting
Samuele,De Ambrosis,62-1355535,Accounting
Liz,Footer,85-7231797,Product Management
Abigale,Leebetter,92-5514136,Product Management
Austen,Wigsell,11-4046411,Training
Lazar,Linster,85-8965972,Research and Development
Rochella,Sulland,79-7130460,Product Management
Lilla,Skentelbery,09-6383250,Accounting
Cart,Ketteman,91-8687993,Sales
Penn,Basset,44-4621484,Services
Bea,Schroder,21-1365247,Training
Seward,Dorning,66-6353990,Legal
Kalila,Howick,03-4987427,Accounting
Nikolaus,Garcia,24-9367906,Services
Terry,Mapston,78-1505127,Product Management
Aurie,Croft,74-0158800,Product Management
Peyter,Condit,75-5113197,Sales
Kikelia,Woolfitt,87-8356990,Marketing
Haywood,Cheesman,66-7293435,Accounting
Betteann,Rupke,93-0026596,Engineering
Debor,Haith,47-8571258,Sales
Hewe,Davidove,91-8180761,Support
Tilda,Colqueran,37-4821635,Accounting
Cosimo,Bindley,67-1917749,Accounting
Alie,Shapera,16-8693301,Training
Jackqueline,Lester,42-6749458,Engineering
Gregorio,Colafate,69-5176746,Services
Fianna,Gumn,73-7216549,Human Resources
Elaine,Vondra,17-1950622,Engineering
Audre,Bodley,99-7650564,Sales
Carly,Chooter,88-3526863,Sales
Pansy,Pallin,29-3109786,Human Resources
Alyse,Shay,87-0128080,Product Management
Theresina,Cloute,25-1295977,Accounting
Norry,Parncutt,10-5367271,Services
Ward,Woloschinski,18-2692973,Accounting
Jerry,Tweedell,00-4745413,Engineering
Geordie,Copas,97-2453902,Engineering
Gerry,Bloss,25-7854072,Business Development
Deck,Richfield,60-2253538,Marketing
Ephrem,Klazenga,85-1510218,Sales
Brandon,Dowse,64-0118994,Product Management
Andriette,Brislen,05-1220432,Accounting
Dehlia,Heathfield,73-8751516,Business Development
Ike,Szanto,15-6553958,Sales
Audi,Feeham,61-4914906,Accounting
Hollyanne,Littlewood,74-6745404,Accounting
Poppy,Niece,51-9343748,Marketing
Myrtia,Goddard,33-3493842,Accounting
Aurel,Kimberly,78-1358366,Legal
Philippine,Venners,20-6305166,Research and Development
Irma,Marquiss,24-1273803,Human Resources
Algernon,Barclay,31-1746854,Support
Victor,Janacek,65-4038161,Legal
Tad,Scollard,63-2741092,Engineering
Bat,Matthiesen,80-6297807,Accounting
Valry,Iwanicki,46-5697883,Sales
Nonah,Dowker,08-9301569,Accounting
Standford,Mattessen,14-4659663,Marketing
Adella,Brunesco,39-3091206,Legal
Janifer,Cleeve,15-3825525,Human Resources
Sigrid,Lotte,57-3580352,Sales
Herb,Poupard,11-8019606,Training
Swen,Letchmore,78-3940183,Accounting
Cesare,McAless,12-9486524,Research and Development
Erl,Hackworthy,03-7625185,Accounting
Cecily,Rosita,97-5242188,Services
Barney,Grigorey,53-7000250,Marketing
Bronnie,Shelvey,70-6235110,Human Resources
Jarrid,Instone,59-2338827,Accounting
Debera,Cyples,33-9450257,Legal
Livia,Durnford,57-1917786,Support
Stacie,Padillo,94-1537826,Sales
Ingeborg,Woonton,86-5688761,Legal
Sammie,Gooly,24-9038362,Business Development
Annissa,McAlinion,25-0452102,Accounting
Marleah,Ternent,04-4049175,Sales
Rhys,Haggerwood,76-4700308,Training
Brigid,Emsley,09-4668970,Research and Development
Anthony,Vankov,52-3475681,Product Management
Cal,Boij,74-0291930,Human Resources
Cariotta,Nicklinson,54-7128711,Human Resources
Miriam,Celle,50-8529061,Engineering
Jess,Cromblehome,44-8576056,Engineering
Clemmie,Cheine,15-6823535,Sales
Lauree,Hann,39-0496761,Sales
Corby,Matteoli,62-9053385,Research and Development
Ravi,Gawkes,93-9258640,Legal
Davey,Redmell,45-2690776,Product Management
Jammal,Veltman,52-9062468,Business Development
Cyndi,Ferreli,72-6029890,Sales
Jaine,Elintune,16-7260649,Services
Martita,Reveley,94-7004039,Legal
Colet,Malbon,62-6041559,Human Resources
Amil,Farrall,69-3964483,Product Management
Letitia,Heaney,89-3418209,Human Resources
Jehu,Simioli,25-2586546,Product Management
Eda,Carrol,67-8705188,Engineering
Aristotle,Berrisford,31-7917681,Training
Cordell,Ayrton,32-2008521,Marketing
Raddy,Inder,61-7657747,Product Management
Wendeline,Artist,37-0425102,Research and Development
Cleve,Dumberell,24-1490502,Sales
Rodolphe,Shakle,82-7477238,Accounting
Edmund,Pettyfar,04-0169845,Services
Concordia,Derdes,30-9874502,Engineering
Price,Hopfner,47-2524342,Support
Jere,Belvard,25-8436873,Support
Harvey,McGee,21-3116946,Product Management
Goldina,Huke,13-2429680,Research and Development
Carlyle,Bruton,84-3763169,Research and Development
Herc,Wingfield,14-0902246,Support
Shea,Acres,80-9263338,Legal
Maryellen,Woolcocks,96-3998700,Training
Angil,Shenfisch,47-4968052,Legal
Markus,Hackly,80-1756507,Human Resources
Rutger,Dullingham,11-6973614,Legal
Binnie,Vaan,62-4112262,Legal
Ketti,Elcome,06-5213980,Marketing
Nanci,Lethbury,42-1516355,Engineering
Fabio,Palatino,06-8843579,Research and Development
Rufe,Moncey,47-9184406,Sales
Beck,Kornilyev,96-4660837,Accounting
Zebulen,Newcom,32-0425442,Product Management
Kayley,Keppy,32-8388877,Legal
Henderson,Biford,29-5475264,Training
Jason,Gouldsmith,63-5160401,Business Development
Alfy,Fawcitt,27-1506431,Training
Dian,Aers,25-3653053,Engineering
Chadwick,Brisland,38-0515512,Legal
Gasper,Caldaro,30-4392744,Research and Development
Darsie,Dilkes,06-5182690,Training
Sholom,Farnes,40-4516209,Research and Development
Eal,McCracken,39-4538663,Product Management
Mitchell,Godden,52-9388974,Sales
Elnar,Slimming,01-2822268,Product Management
Jori,Frankis,17-3932656,Research and Development
Kahaleel,Wardle,77-3912358,Accounting
Rik,Garthshore,00-7291552,Services
Gordie,Bernasek,54-5040477,Human Resources
Kacie,Fraser,66-1943026,Human Resources
Ruddie,Rathborne,44-9325011,Accounting
Panchito,Lanbertoni,47-3046171,Accounting
Reta,Smithen,22-3767866,Accounting
Eddie,Rogers,36-9449891,Training
Eleanor,Keirl,90-2192003,Services
Adrianna,Atlee,81-3006883,Product Management
Buiron,Varley,65-2444180,Accounting
Che,Siveyer,60-2166004,Engineering
Gerrie,Pley,19-3159265,Services
Dell,Bunford,72-9049732,Support
Nara,Breukelman,84-4534402,Product Management
Stern,Dorricott,86-9103137,Engineering
Shane,Vannar,78-5690068,Accounting
Hi,McCarney,17-1259171,Training
Torrence,Tibb,38-0853427,Training
Lise,Franies,08-4299476,Product Management
Innis,Stanworth,61-3005781,Engineering
Reamonn,Yanshin,17-3585107,Services
Laurene,Mum,66-2485462,Accounting
Ermin,Jopson,08-0371727,Accounting
Omar,Ratazzi,67-4471179,Product Management
Ajay,Levee,38-8291243,Product Management
Anestassia,Gredden,40-2080194,Sales
Keelia,Franssen,07-7070698,Product Management
April,Edmons,70-4520428,Legal
Javier,Easey,45-9739284,Marketing
Riki,Southwell,12-6398735,Product Management
Judye,Winspear,89-8162998,Support
Austin,McGhie,91-5087146,Support
Nataline,Bush,59-2007211,Sales
Alex,Omand,18-6670619,Services
Alfie,Lewry,99-1528343,Legal
Blondy,Danilyak,72-1303300,Engineering
Leora,Tarply,37-7819022,Sales
Linea,Twinborne,54-3792560,Services
Olly,Vasilenko,34-8537728,Marketing
Marylee,Jorat,63-7604954,Business Development
Jareb,Janauschek,31-4320419,Human Resources
Wilmer,Birchenough,05-8082590,Services
Hyacinth,Babonau,87-2262328,Product Management
Morten,Rosengarten,43-2609811,Product Management
Augustine,Braksper,91-2748157,Product Management
Celie,Slack,69-0428976,Sales
Cori,Ferraron,21-9709024,Business Development
Traver,Covet,77-6796915,Engineering
Tierney,Troppmann,01-9826424,Research and Development
Hyacinth,Gillio,65-4123711,Services
Caren,Baudts,25-9659892,Training
Benny,Magowan,16-9885887,Training
Mureil,Vallentine,48-4107014,Research and Development
Lian,Gowler,09-9703615,Training
Travus,Forsythe,50-9183933,Human Resources
Nina,Thorne,15-4395384,Accounting
Joeann,Abson,63-9286889,Research and Development
Larisa,Audrey,59-1557006,Accounting
Elliott,Eldred,41-3224794,Research and Development
Fredelia,Beran,27-0747976,Sales
Mikey,Eldin,72-1752722,Sales
Burlie,Batting,32-1639824,Sales
Fredi,Coath,17-1378832,Training
Suzy,Beasant,62-5809788,Sales
Jess,Compford,30-2380777,Marketing
Kristoforo,Fosdyke,34-9026421,Legal
Lynett,McGunley,96-0926898,Research and Development
Trude,Hannigan,60-0836500,Marketing
Celle,MacPhee,76-4984852,Legal
Kenna,Stowe,94-4161354,Marketing
Maggi,Falkinder,37-4740004,Engineering
Ode,Sterte,97-0192775,Research and Development
Torr,Chastelain,78-9917023,Marketing
Tess,Kiddye,97-6536032,Accounting
Morty,Offin,82-2714753,Marketing
Lockwood,Temporal,86-4660469,Support
Wes,Whittlesea,90-7678683,Business Development
Forester,Worland,95-2747591,Human Resources
Rea,Gontier,39-2139411,Sales
Albina,Scarr,40-9290032,Engineering
Barny,Hubbucks,54-6804477,Accounting
Berne,Durran,14-6332703,Services
Richard,McCrie,84-0361763,Business Development
Hamel,Harman,45-2062888,Support
Fidelio,Dennistoun,61-0035856,Marketing
Beverie,Lowery,00-0752213,Services
Lorant,Carvilla,22-8649085,Training
Morten,Byne,94-3127293,Support
Fayette,Cornwell,65-8070028,Product Management
Cosette,Muzzini,06-2798588,Engineering
Clio,De Luna,34-8062640,Human Resources
Tiffani,Dwyer,45-0631078,Marketing
Jess,Haney`,80-0818018,Engineering
Emalia,Swire,83-1478999,Marketing
Genny,Gross,21-0642763,Human Resources
Killy,Errington,98-1992529,Training
Rhodie,Hammatt,60-5699396,Services
Harriet,Vivers,01-8015778,Services
Dawna,Barstowk,25-4507969,Legal
Darius,Vanyukov,81-5677108,Human Resources
Cary,Micheau,63-5350713,Engineering
Hilario,Scarf,83-2643395,Marketing
Micaela,D'Adamo,48-8848160,Business Development
Hamel,Burdin,78-1720415,Human Resources
Alvy,Cawley,60-1501598,Marketing
Liz,Haile,66-0525933,Marketing
Corrine,Roll,65-7861142,Services
Lilah,Scullin,95-5674582,Product Management
Rozina,Redfern,19-3384222,Legal
Jerrilee,Parcall,97-8081090,Research and Development
Florian,Bachmann,32-3802309,Research and Development
Casey,Gutcher,78-6342487,Support
Zondra,Bathurst,80-5367124,Support
Gwendolen,Czajkowska,80-0940113,Legal
Alyssa,McHan,90-0998727,Training
Julianna,Rigney,18-9117557,Human Resources
Antoinette,Mathelin,50-3138289,Business Development
Georgia,MacMurray,97-2493981,Training
Rory,Creaser,97-9009402,Sales
Hali,Haylands,90-7100675,Accounting
Ibby,Gogie,58-0320206,Legal
Hadleigh,Brewerton,53-1370134,Engineering
Goddart,Eyer,83-8437889,Business Development
Almeta,Menloe,47-2359142,Engineering
Algernon,Dudson,51-9613688,Marketing
Noelyn,Dockrell,82-0817953,Research and Development
Wain,Nealy,25-2756174,Engineering
Jerrilee,Davio,46-1083115,Research and Development
Chicky,McCullock,32-8208136,Training
Obadias,Mayo,89-3727495,Human Resources
Adham,Weild,55-4319969,Research and Development
Yankee,Longmuir,44-8064891,Legal
Barby,Radloff,97-3569501,Training
Ewen,Bevens,05-4344699,Marketing
Katy,Clucas,81-1437347,Engineering
Josey,Meikle,72-4221845,Human Resources
Ranna,Tomaini,19-7884945,Services
Osborn,Fishe,18-7615253,Business Development
Gretel,Dunmore,13-5031746,Training
Myca,Dorrian,54-7008351,Support
Marco,Lamacraft,65-6426759,Business Development
Sheffie,Hambidge,10-1904074,Services
Marleah,Potteridge,73-9993905,Training
Lloyd,McQuin,52-8262013,Sales
Deidre,Fowkes,05-4002095,Business Development
Augustin,Corradetti,19-3356036,Business Development
Burty,Lockyer,09-5901548,Engineering
Wren,Broad,24-0878281,Marketing
Elia,Denniss,37-6764168,Services
Lara,Elis,25-9595316,Legal
Meier,Roycraft,82-6746848,Services
Roarke,Gehrels,46-0295570,Product Management
Lena,Shakshaft,80-4064660,Accounting
Fanny,Arnefield,47-9750903,Support
Pen,Whopples,89-2492251,Sales
York,Torvey,58-9447958,Legal
Red,Traite,98-6324418,Product Management
Filmore,Towson,06-3148013,Training
Clemence,Epton,65-9938490,Marketing
Mitchel,Gurys,02-7566095,Accounting
Lou,Abrahmovici,07-8357147,Product Management
Herc,L'Amie,55-2333291,Research and Development
Woodie,Seathwright,52-1397637,Services
Eben,Claricoates,33-8220953,Research and Development
Louisa,Jaycocks,23-3644638,Marketing
Hayley,Beurich,22-2591074,Support
Christoph,Faldo,19-8388260,Training
Cathi,Golde,88-0336973,Product Management
Abby,Vasile,22-2547296,Support
Shellysheldon,MacMichael,89-3502760,Human Resources
Florry,Plaice,91-1983007,Training
Deedee,Hargate,78-9964666,Product Management
Isac,Munning,07-5929065,Research and Development
Edan,Ardy,26-3828581,Training
Kipp,Riddell,62-9162664,Business Development
Adela,Drinkale,65-1306693,Legal
Rock,Oattes,63-0506464,Legal
Garth,Ziems,87-6953584,Legal
Gabriel,Bernardi,78-5490355,Product Management
Modestia,Bradock,98-1949977,Business Development
Tomaso,Audrey,23-5288140,Marketing
Rivy,Cowdroy,32-4217390,Sales
Raimondo,Deener,44-6810452,Marketing
Vitia,McTurley,81-3615119,Legal
Kali,Keogh,98-3341621,Sales
Fawne,Orehead,86-1127433,Sales
Noby,Gleder,82-7197036,Human Resources
Flin,Pigeram,95-9285499,Support
Heinrik,Cortes,19-8211764,Support
Oliviero,Gregory,86-5487179,Business Development
Ephraim,Luther,19-8273258,Accounting
Lissa,Edgson,15-9390085,Human Resources
Mildrid,Whitear,12-5419331,Research and Development
Gwyneth,Brookfield,72-9433239,Research and Development
Addie,Thew,70-0463294,Accounting
Cindy,Dillinger,62-7428118,Sales
Sergio,Freathy,53-7859579,Legal
Olvan,Reggiani,94-8423851,Business Development
Karen,Merner,64-5780948,Sales
Cal,Fynn,13-6245699,Human Resources
Libby,Waber,73-9546775,Engineering
Marje,Raoux,04-3325126,Legal
Kial,Milius,85-5330599,Accounting
Karisa,Fellenor,41-7546233,Legal
Elga,Tipling,19-5273458,Sales
Danika,Shere,55-7029200,Accounting
Ram,Mattusov,16-6783115,Support
Katlin,Bibey,59-6531053,Training
Richardo,Yegoshin,18-0122069,Product Management
Bat,Kirkbright,09-0584714,Marketing
Dre,Dickie,48-4507131,Human Resources
Venita,Moubray,89-7798029,Business Development
Harman,Mizzen,72-4708455,Accounting
Susann,Dumpleton,17-3999955,Support
Maximilien,O'Lenechan,67-1370223,Accounting
Sutherlan,Kirsche,50-9086974,Business Development
Reggie,Iori,65-2859398,Sales
Randal,Brown,75-4107056,Product Management
Georgetta,Winfred,61-9201006,Services
Netta,Flower,15-2195792,Support
Dewie,Raun,99-5101579,Human Resources
Corty,Leaning,40-5731802,Services
Allie,Barfield,91-6947992,Engineering
Brinn,McVeighty,33-8643915,Support
Gannon,Shakesby,54-2278105,Legal
Cob,Carlon,71-9779554,Human Resources
Taffy,Thaller,21-9535840,Engineering
Tasia,Padillo,19-7936896,Marketing
Virgie,Pettiward,28-1865603,Accounting
Catriona,Haslum,17-4151123,Training
Lisetta,Venton,90-7925188,Research and Development
Wileen,Hadingham,29-2175559,Research and Development
Daryle,Bottlestone,89-5952705,Services
Marcellus,Guillond,56-0321915,Business Development
Ginger,Pitkeathly,45-2752324,Training
Tania,Bryan,32-6723806,Accounting
Alvira,Luckett,30-9987300,Sales
Sax,Ferie,75-0178273,Sales
Lyle,Dunge,64-1097390,Services
Alley,Jelkes,36-1379930,Sales
Suki,Ensley,69-3505489,Sales
Giralda,Goseling,36-7412875,Research and Development
Dael,Benit,97-3299126,Accounting
Alejandra,Bartalucci,24-8097290,Training
Sarajane,Taig,13-4721444,Services
Weidar,Berka,90-5249737,Legal
Cordell,Housby,70-3971452,Research and Development
Beauregard,Blais,67-0867702,Support
Caro,Kopacek,93-9670199,Engineering
Donal,Scuse,59-3501593,Product Management
Stephana,Victor,90-2113117,Training
Kimmy,McCready,29-7131724,Human Resources
Olvan,Acuna,01-6972198,Legal
Hillyer,Kundt,11-5574845,Services
Lynea,Matyushonok,28-5374044,Training
Gustavo,Hesbrook,40-8942285,Services
Eunice,Pickthorn,23-0070602,Business Development
Victoir,Riddeough,03-2000259,Services
Palm,Hendron,96-4844395,Human Resources
Tani,Schwandermann,54-3164861,Sales
Leroi,Crofts,66-8429660,Support
Thom,Behrend,89-1065682,Support
Stesha,Gunson,16-3544099,Product Management
Dallas,Emsley,90-4135071,Research and Development
Anabal,Featherstonhaugh,09-9425950,Research and Development
Harley,Brosel,55-8625154,Engineering
Jsandye,Gaitskill,12-7458207,Training
Merrill,Inger,60-5904175,Support
Rey,Cramb,91-4209296,Support
Rand,Gornal,09-4991149,Marketing
Shalne,Leedes,48-2041152,Engineering
Hugo,Reader,25-0662134,Training
Jamie,McLagain,99-3177972,Business Development
Wendel,Benini,94-0868093,Accounting
Callean,Markovich,46-9026530,Sales
Justus,Cousen,92-5992504,Marketing
Edlin,Meffan,99-5967328,Legal
Orren,Charrier,38-3754639,Research and Development
Ardath,Purdie,23-2004238,Sales
Felizio,Piddletown,81-5218409,Engineering
Marji,Hillitt,97-2086850,Support
Helenelizabeth,Habbal,92-7568434,Product Management
Zedekiah,Mansour,09-4749940,Training
Tomlin,Shark,51-4881210,Legal
Cathryn,Sholem,21-3001817,Human Resources
Emalee,McLorinan,43-6413666,Engineering
Zara,Cankett,97-5212078,Accounting
Sayre,Float,23-7475578,Training
Cindy,Rumens,83-5538989,Support
Athene,Hamsson,13-4608512,Engineering
Leeland,Merrgan,51-1171151,Training
Arabelle,Margeram,27-0483464,Support
Elsinore,Stollmeier,68-5855231,Product Management
Samuele,Grinley,09-1009681,Business Development
Ainslie,Copperwaite,32-1207724,Marketing
Arleta,Keoghan,63-3531281,Business Development
Humfrid,Hughf,68-8366845,Product Management
Jasen,Lethabridge,80-1714953,Accounting
Kizzie,Pindred,51-1351818,Marketing
Cristina,Yemm,87-3106557,Training
Cass,Wreath,27-4869392,Research and Development
Shani,Baile,26-5726876,Support
Mireille,Tumini,89-0582825,Services
Weylin,Stinchcombe,44-9258656,Research and Development
Elfreda,Parnaby,75-2880598,Engineering
Mandi,Cicullo,48-5935631,Human Resources
Thomasine,Storer,74-7178687,Business Development
Missy,d'Arcy,54-2905969,Support
Gillie,Skule,16-2480614,Product Management
Rodolph,Chaudret,03-5226439,Support
Kirsteni,Linnell,36-0601738,Business Development
Pancho,Dowell,58-4209412,Legal
Bern,Delagua,25-8777547,Human Resources
Buddie,Arrowsmith,54-4201260,Services
Matias,Garham,90-7215343,Product Management
Temp,Broggetti,82-4826023,Accounting
Walden,Robez,61-6194861,Sales
Britte,Spores,52-0393061,Marketing
Roobbie,Wilkes,95-5882244,Sales
Maiga,Fawbert,54-0838060,Legal
Marwin,Dimblebee,11-8835107,Support
Franky,Ewington,05-1625394,Marketing
Cullan,Dik,98-8637540,Product Management
Claudetta,Wegener,81-2218896,Human Resources
Midge,Pittendreigh,30-4078067,Support
Leon,Brittian,19-9013635,Sales
Alejandrina,Gummery,33-2279509,Support
Deeann,Sugarman,81-5339298,Marketing
Fallon,Hardingham,26-8625808,Sales
Anet,Caselick,84-5400632,Research and Development
Krisha,MacKessock,13-9548883,Services
Malissa,Buckam,86-9952186,Legal
Tyrone,Assur,35-1303175,Marketing
Conrade,Widdop,00-5350394,Legal
Laurena,Bescoby,65-2107403,Marketing
Gradeigh,Kybert,03-7032676,Sales
Cele,Plessing,18-7954504,Human Resources
Peggie,Stanway,37-7524880,Legal
Tiphany,Aland,04-6171095,Training
Skipton,Knell,96-5930885,Sales
Kat,Futter,17-2482945,Business Development
Stavros,Serris,15-3959576,Marketing
Miriam,Rishman,17-7190890,Sales
Randi,Hayford,75-5369893,Services
Latashia,Yanshin,86-2835959,Training
Belita,Brewett,70-4249241,Business Development
Barris,Ealden,63-6534376,Services
Ave,Clynter,88-2289582,Marketing
Salem,Liff,05-0672656,Services
Monroe,Pirrie,99-3605535,Support
Ferdinande,Rumford,13-8831915,Research and Development
Sileas,Emmet,64-4744088,Engineering
Kerby,Brisbane,23-0415309,Support
Anet,Lehenmann,34-1143170,Marketing
Kit,Shall,07-9417155,Product Management
Nissie,Franck,33-6786804,Product Management
Ella,Bennallck,18-5840637,Marketing
Jerri,Jenny,18-5093893,Sales
Marley,Acomb,71-0191565,Engineering
Livvy,Gornal,16-4402716,Marketing
Franz,Novotni,02-9308362,Product Management
Brenna,Denizet,27-8257017,Accounting
Neddie,MacPhail,31-2194772,Engineering
Svend,Dumingo,00-2792341,Services
Aubrey,Schusterl,42-1335755,Engineering
Eugenius,Sellen,32-6042051,Support
Sherwood,Coxen,86-5020173,Services
Clayton,Eric,14-1825857,Business Development
Dierdre,Heinz,79-6723384,Marketing
Zelig,Emery,95-0044727,Human Resources
Currie,O'Dogherty,99-1975656,Support
Evania,Kirman,49-6804994,Support
Foss,Brewers,15-2885667,Legal
Dana,Rushmare,13-0411351,Marketing
Jobey,Gutridge,03-9325005,Accounting
Massimo,Foster-Smith,19-2947406,Human Resources
Madel,Finey,00-5842107,Marketing
Farr,Wain,20-7845080,Business Development
Alley,Cline,27-2733032,Research and Development
Heath,McCloch,63-8069050,Legal
Meredithe,Margery,78-9922589,Sales
Dorrie,Frean,78-8936878,Services
Marlyn,Parsley,83-5874797,Accounting
Neda,Testin,98-2167141,Engineering
Stan,Rawling,57-3154229,Sales
Maxie,Leamon,58-1660459,Legal
Kara,Jouning,98-1362818,Support
Rebbecca,Stubbert,81-1399396,Accounting
Brantley,O'Rodane,73-4254129,Sales
Fredericka,Banister,96-0960981,Training
Rufus,Leadbitter,62-0184075,Support
Gage,Hofer,46-6520465,Marketing
Buffy,Figg,25-0863569,Business Development
Babs,Sullivan,71-9158792,Legal
Natalee,Antrim,32-0102262,Accounting
Nicolina,Pattle,24-1545841,Product Management
Hussein,Load,08-9006335,Marketing
Sidonnie,Straine,77-6685255,Business Development
Alvinia,Croneen,22-4199696,Product Management
Reinold,Baigrie,02-6703191,Human Resources
Benedicta,Klimkin,42-8704768,Sales
Jinny,Forrestor,22-5830309,Sales
Hastings,Janek,02-5920923,Research and Development
Evangelina,Pierro,68-9916371,Support
Kariotta,Goreway,79-0782086,Engineering
Sela,Cantos,32-0140039,Marketing
Jamie,McKellen,99-9533050,Training
Giselbert,Lashley,67-9171801,Services
Giavani,Tiffney,75-7034655,Business Development
Nissy,Wetheril,39-3950962,Engineering
Lily,Jonah,20-6415244,Business Development
Callida,Mayzes,64-0631241,Human Resources
Janifer,Lygo,19-8434933,Human Resources
Briny,Easdon,23-5907835,Sales
Karee,Myhill,66-6579478,Training
Preston,Gunda,18-1228369,Legal
Harvey,Hlavecek,08-8254263,Legal
Karena,Hise,16-6598740,Human Resources
Zebulen,Lux,20-9497673,Marketing
Torrance,Rossoni,43-3140559,Legal
Eb,Spykins,04-2992561,Marketing
Guillema,Farherty,77-2578998,Human Resources
Sallyann,Philliphs,49-6304655,Research and Development
Eba,Browne,05-6971703,Services
Odele,Gianolini,34-2938088,Marketing
Renae,Tidy,30-0910327,Business Development
Dacia,Ding,26-0451273,Accounting
Enid,Sweatland,12-0455033,Support
Christian,Haggett,48-6066752,Research and Development
Doll,Swetenham,98-3588233,Engineering
Carmencita,Gertray,89-0545702,Sales
Bambie,Gilbeart,00-1022846,Sales
Bobbee,Pipping,74-0191859,Training
Eb,Olding,17-0746821,Support
Doe,Dearle,90-0447823,Business Development
Marlee,Fellibrand,29-4007734,Support
Serge,Bulpitt,05-9730724,Sales
Petey,Juschke,17-3918025,Training
Elbert,Ipplett,66-7493819,Business Development
Mufi,Dumbelton,22-0392539,Engineering
Jarvis,Trubshaw,74-6642001,Accounting
Keelby,Lago,20-8234541,Research and Development
Johnna,Lambertazzi,24-5226511,Research and Development
Westbrooke,Carnall,04-6446785,Accounting
Jenni,Conklin,79-0673963,Accounting
Traci,Velareal,43-6046337,Business Development
Christi,Creese,56-5066061,Support
Christel,Allcott,83-3166029,Engineering
Bridget,Bettenson,56-6600696,Engineering
Twila,Rubinsky,43-8683185,Support
Richy,Sedgebeer,68-3730663,Support
Loretta,Ledur,62-0073005,Legal
Ingaborg,Balfre,26-4575021,Engineering
Theodora,Roby,48-6775279,Business Development
Bonnibelle,Whalebelly,07-0475189,Services
Mattheus,Lightbourne,50-1239485,Training
Flin,O' Loughran,66-8152585,Research and Development
Zabrina,Blomefield,75-5441448,Sales
Berri,Emsden,57-1288625,Engineering
Janeva,Shapero,37-1760427,Legal
Jacqui,Whitloe,89-5871844,Training
Eunice,Luxon,11-1747479,Business Development
Locke,Simonaitis,23-3577734,Research and Development
Paulie,Rainon,99-5363476,Business Development
Cybil,Wyld,70-4037874,Product Management
Stesha,Goodie,64-4642972,Accounting
Elbertina,Gentile,94-7472030,Services
Anette,Finan,97-4575194,Accounting
Christalle,Balnave,33-5243135,Marketing
Grenville,Ranken,61-3039401,Accounting
Jameson,Gregorace,79-3484875,Support
Valera,Chattington,43-3435037,Business Development
Freddie,Di Biasio,36-0422147,Services
Hammad,Rayer,71-1733814,Support
Currey,Hupka,76-6820655,Support
Baxie,Burkin,36-1601303,Research and Development
Lenette,Keeney,74-6994187,Research and Development
Archibaldo,McIlhone,49-9825563,Engineering
Franz,Elcy,32-8450373,Business Development
Kaylyn,Powdrill,93-3948605,Sales
Ernesto,Harmond,37-6406441,Services
Erma,Merrill,33-2927662,Human Resources
Reinaldo,Lucian,29-7376344,Marketing
Alyssa,McGourty,11-5412046,Training
Corabel,Weinberg,39-2030655,Engineering
Aldin,Boxell,69-8517929,Engineering
Hunt,Sawnwy,54-4774084,Research and Development
Helyn,Hiscoke,05-0506871,Support
Elmo,Klulisek,85-2200781,Training
Arlinda,Ulyet,21-0095914,Legal
Brier,Bucktrout,19-9313175,Marketing
Lorry,Suttle,56-6054283,Product Management
Royall,Philipeau,00-0604537,Human Resources
Olivette,Zylberdik,36-9389553,Sales
Rance,Kleinzweig,95-8874263,Human Resources
Frasier,Naughton,82-0204328,Product Management
William,McCarry,21-1751554,Training
Muffin,Hempshall,85-3208104,Services
Michele,Schooley,21-5596582,Business Development
Adena,Mc Corley,55-9434828,Services
La verne,Siss,58-2713362,Accounting
Nathanial,Stealfox,38-6463406,Research and Development
Maudie,Apdell,72-7923820,Engineering
Lorena,Birkin,78-8535361,Product Management
Franzen,Rummings,31-2695317,Legal
Kacie,McKeighan,92-8279608,Legal
Jayme,Valencia,71-1232872,Training
Norma,Wickerson,26-8891347,Legal
Virgie,Bruckshaw,98-4130630,Services
Dedra,Lerigo,47-4482488,Research and Development
Tibold,Blondelle,63-0970097,Accounting
Allegra,Yakushkev,00-7095849,Business Development
Adriane,Tomala,60-5772920,Services
Andrea,Howton,13-4242694,Sales
Jenifer,Wharrier,52-2601625,Sales
Delmar,Sherston,54-1472002,Product Management
Paulita,Askin,60-9274949,Accounting
Haily,Witheford,18-2352653,Sales
Herman,Grabbam,43-0306014,Research and Development
Lyda,Bergstrand,72-0209696,Sales
Edithe,Pervew,26-4772497,Human Resources
Ingelbert,Selliman,85-0215091,Support
Linoel,Aldersley,04-7644017,Product Management
Robbie,Scathard,35-5826727,Research and Development
Koressa,Durham,32-1598302,Engineering
Paddie,Braznell,51-7972964,Accounting
Moises,Gettone,92-0041621,Business Development
Meir,Branchet,34-9418342,Legal
Penny,Baff,49-2645363,Marketing
Opal,Fonteyne,77-6614109,Human Resources
Rustie,Ferrier,65-3564356,Marketing
Ashlee,Ronan,38-6893299,Marketing
Judd,Eggers,24-4796681,Legal
Casey,Towll,93-5560883,Human Resources
Rhianon,Shedden,37-6135806,Training
Atlante,Abrahamsen,86-5887855,Accounting
Tammy,Evangelinos,65-8831746,Human Resources
Erroll,Thody,08-2394070,Sales
Tomas,Saltman,95-9329243,Business Development
Atlanta,Kesley,82-0659043,Training
Janeczka,Simioli,06-7512857,Human Resources
Dodi,Goacher,06-5763607,Engineering
Etienne,Arnao,13-9665711,Accounting
Andie,Gieves,59-6202890,Sales
Maisey,MacGahy,54-2098190,Research and Development
Claudie,Cracie,06-7392245,Accounting
Margarethe,Timbridge,98-4093031,Human Resources
Anson,Baumford,74-0126748,Services
Verena,Shillaker,55-0002620,Legal
Arty,Beston,93-0855051,Sales
Ferdinanda,MacDaid,83-9881368,Training
Velma,Bonavia,43-8282095,Training
Davidde,Seman,05-5620996,Support
Car,Clemetts,37-0229539,Research and Development
Jerrie,MacPhail,75-8867915,Support
Seana,Sansome,33-2172077,Product Management
Cloris,Lodin,44-5643596,Accounting
Shirley,Shipway,15-0389987,Product Management
Augustin,Carde,24-8103750,Marketing
Dorelle,Paudin,32-8078271,Human Resources
Therine,Ensley,82-8668115,Product Management
