first_name,last_name,gender,avatar
Lian,Streatfeild,Female,https://robohash.org/velitaliasvoluptate.png?size=50x50&set=set1
Elbertine,Bendall,Female,https://robohash.org/numquamblanditiisqui.bmp?size=50x50&set=set1
Marisa,Bennen,Female,https://robohash.org/quospariaturoptio.png?size=50x50&set=set1
Wilbur,Cannam,Male,https://robohash.org/nonatest.jpg?size=50x50&set=set1
Hermon,Purrington,Male,https://robohash.org/quiasitdelectus.bmp?size=50x50&set=set1
Kitty,Foxhall,Female,https://robohash.org/eumexpeditalabore.jpg?size=50x50&set=set1
Rhodia,Pinhorn,Female,https://robohash.org/earumperferendisa.jpg?size=50x50&set=set1
Peyton,Sloane,Male,https://robohash.org/aperspiciatisiste.bmp?size=50x50&set=set1
Maribelle,Allderidge,Female,https://robohash.org/omnisculpasaepe.bmp?size=50x50&set=set1
Carlee,Housby,Female,https://robohash.org/idofficiisquia.png?size=50x50&set=set1
Silas,Pallaske,Male,https://robohash.org/providentaliquidquod.bmp?size=50x50&set=set1
Anstice,Waliszek,Female,https://robohash.org/aliquamoccaecatiassumenda.bmp?size=50x50&set=set1
Lorant,Broske,Male,https://robohash.org/verooccaecatineque.png?size=50x50&set=set1
Richmond,Pellatt,Male,https://robohash.org/nihilducimusquaerat.jpg?size=50x50&set=set1
Dalton,Carmo,Male,https://robohash.org/namblanditiisrecusandae.jpg?size=50x50&set=set1
Dahlia,Seymour,Female,https://robohash.org/eligendiquisad.png?size=50x50&set=set1
Merrie,Thornewill,Female,https://robohash.org/repudiandaeeosmodi.jpg?size=50x50&set=set1
Lorilee,Gencke,Female,https://robohash.org/fugiatquammagnam.bmp?size=50x50&set=set1
Joceline,Domerque,Female,https://robohash.org/cupiditatemaioresvoluptas.jpg?size=50x50&set=set1
Inglebert,De Dantesie,Male,https://robohash.org/ipsumnatusdolores.png?size=50x50&set=set1
Jsandye,Yendle,Female,https://robohash.org/saepesedqui.jpg?size=50x50&set=set1
Cassius,Wraith,Male,https://robohash.org/atquequasialiquid.jpg?size=50x50&set=set1
Leonore,Matthiesen,Female,https://robohash.org/temporibushiceveniet.png?size=50x50&set=set1
Bond,Lantaff,Male,https://robohash.org/quiaeaquecupiditate.jpg?size=50x50&set=set1
Ephrem,Nern,Male,https://robohash.org/solutasitculpa.png?size=50x50&set=set1
Cati,Kersting,Female,https://robohash.org/quooditfacere.bmp?size=50x50&set=set1
Fionnula,Jovanovic,Female,https://robohash.org/aspernaturutconsequatur.png?size=50x50&set=set1
Amery,Arguile,Male,https://robohash.org/quisquamquialabore.jpg?size=50x50&set=set1
Agace,De Carolis,Female,https://robohash.org/nisirecusandaereiciendis.jpg?size=50x50&set=set1
Merl,Trusse,Female,https://robohash.org/dolorvoluptatemet.bmp?size=50x50&set=set1
Aubry,Calrow,Female,https://robohash.org/etsintharum.jpg?size=50x50&set=set1
Rolando,Chastang,Male,https://robohash.org/aspernaturetqui.bmp?size=50x50&set=set1
Danica,Bartkowiak,Female,https://robohash.org/numquamrerumalias.jpg?size=50x50&set=set1
Caddric,MacKenzie,Male,https://robohash.org/fugittotamipsa.bmp?size=50x50&set=set1
Woody,Nash,Male,https://robohash.org/minusnecessitatibusvoluptas.bmp?size=50x50&set=set1
Kamilah,Bowdery,Female,https://robohash.org/sintipsaconsequatur.png?size=50x50&set=set1
Harriet,Bromfield,Female,https://robohash.org/utquiadeserunt.png?size=50x50&set=set1
Constantia,Gartin,Female,https://robohash.org/providentcumqueodio.png?size=50x50&set=set1
Torrie,Allenson,Female,https://robohash.org/atqueinciduntipsum.bmp?size=50x50&set=set1
Dotti,Shellum,Female,https://robohash.org/quodmaioresbeatae.bmp?size=50x50&set=set1
Haslett,Hembery,Male,https://robohash.org/explicaboprovidentinventore.bmp?size=50x50&set=set1
Ignaz,Neagle,Male,https://robohash.org/quicupiditatetenetur.jpg?size=50x50&set=set1
Whitney,Body,Female,https://robohash.org/delenitialiquidrerum.jpg?size=50x50&set=set1
Caddric,Rosebotham,Male,https://robohash.org/ullameumqui.jpg?size=50x50&set=set1
Susanetta,Bickford,Female,https://robohash.org/rerumvelex.bmp?size=50x50&set=set1
Giana,Calfe,Female,https://robohash.org/eanecessitatibuseveniet.bmp?size=50x50&set=set1
Rafi,Hubach,Male,https://robohash.org/temporetemporaomnis.bmp?size=50x50&set=set1
Klara,Treuge,Female,https://robohash.org/exidcorporis.jpg?size=50x50&set=set1
Silvano,Ramshay,Male,https://robohash.org/facilisvelitet.bmp?size=50x50&set=set1
Annie,Carletto,Female,https://robohash.org/quiatquenihil.png?size=50x50&set=set1
Jerome,Seed,Male,https://robohash.org/suscipitomnisquisquam.png?size=50x50&set=set1
Orren,Gibbin,Male,https://robohash.org/cupiditateofficiisomnis.jpg?size=50x50&set=set1
Jacques,Drescher,Male,https://robohash.org/utnisiquod.jpg?size=50x50&set=set1
Oralla,Muzzall,Female,https://robohash.org/minimaearumet.png?size=50x50&set=set1
Catina,Keble,Female,https://robohash.org/adutlaudantium.jpg?size=50x50&set=set1
Miran,Sullivan,Female,https://robohash.org/quasrepudiandaea.jpg?size=50x50&set=set1
Andros,Sacase,Male,https://robohash.org/minimaeoseius.png?size=50x50&set=set1
Vivyan,Sanderson,Female,https://robohash.org/nesciuntautsed.png?size=50x50&set=set1
Abbot,Hiom,Male,https://robohash.org/minimaetsunt.jpg?size=50x50&set=set1
Trudie,Tight,Female,https://robohash.org/quisquamutvelit.jpg?size=50x50&set=set1
Emylee,Pol,Female,https://robohash.org/odiorecusandaequas.bmp?size=50x50&set=set1
Cammi,Tinto,Female,https://robohash.org/ameteaqueab.jpg?size=50x50&set=set1
Ericha,Perin,Female,https://robohash.org/idestadipisci.jpg?size=50x50&set=set1
Maje,Chisman,Male,https://robohash.org/pariaturveritatisaliquam.jpg?size=50x50&set=set1
Even,Kloss,Male,https://robohash.org/corporisabid.bmp?size=50x50&set=set1
Josias,Claypool,Male,https://robohash.org/utaliquidqui.jpg?size=50x50&set=set1
Redford,Anglim,Male,https://robohash.org/errorquidolor.jpg?size=50x50&set=set1
Jesus,Mannooch,Male,https://robohash.org/remvoluptatemodit.jpg?size=50x50&set=set1
Jackquelin,Laxson,Female,https://robohash.org/quaeratetquidem.bmp?size=50x50&set=set1
Camala,Mayhew,Female,https://robohash.org/nesciuntabiusto.bmp?size=50x50&set=set1
Cassandra,Shasnan,Female,https://robohash.org/temporibusrepellendusalias.png?size=50x50&set=set1
Simonne,Womack,Female,https://robohash.org/mollitiaautvoluptates.jpg?size=50x50&set=set1
Lynea,Kernermann,Female,https://robohash.org/estvelculpa.jpg?size=50x50&set=set1
Kissie,Moysey,Female,https://robohash.org/fugiatnequein.jpg?size=50x50&set=set1
Louise,Ginley,Female,https://robohash.org/optiosuntesse.bmp?size=50x50&set=set1
Kamillah,Faier,Female,https://robohash.org/autemdoloresdeserunt.bmp?size=50x50&set=set1
Giles,Schulz,Male,https://robohash.org/optiosolutaut.jpg?size=50x50&set=set1
Mufinella,Scotchmore,Female,https://robohash.org/adipisciquaeratipsa.png?size=50x50&set=set1
Valera,Rosso,Female,https://robohash.org/ipsamporroquaerat.png?size=50x50&set=set1
Jacinda,Skelhorn,Female,https://robohash.org/sedullamcorporis.bmp?size=50x50&set=set1
Lona,Brummell,Female,https://robohash.org/rerumdebitisexplicabo.bmp?size=50x50&set=set1
Osbourn,Hotchkin,Male,https://robohash.org/laborumdoloresquaerat.png?size=50x50&set=set1
Gabriel,Hovington,Male,https://robohash.org/nesciuntconsecteturvoluptate.jpg?size=50x50&set=set1
Etienne,Feeley,Male,https://robohash.org/impeditindoloremque.bmp?size=50x50&set=set1
Emeline,Tulk,Female,https://robohash.org/etadipiscisequi.jpg?size=50x50&set=set1
Catherina,McGillivrie,Female,https://robohash.org/magninequevoluptatem.png?size=50x50&set=set1
Jaclyn,Katzmann,Female,https://robohash.org/nisinumquamet.png?size=50x50&set=set1
Phillida,Morefield,Female,https://robohash.org/dignissimosutest.bmp?size=50x50&set=set1
Ron,Stirrip,Male,https://robohash.org/quisquamlaborumvoluptatem.png?size=50x50&set=set1
Cathi,Maddocks,Female,https://robohash.org/adipisciarchitectoporro.png?size=50x50&set=set1
Rem,Ca,Male,https://robohash.org/estestnumquam.jpg?size=50x50&set=set1
Tessa,Huband,Female,https://robohash.org/quaeratquiperspiciatis.jpg?size=50x50&set=set1
Neilla,Kerridge,Female,https://robohash.org/repellendusundenemo.jpg?size=50x50&set=set1
Janine,Pitchers,Female,https://robohash.org/consequaturutfugit.png?size=50x50&set=set1
Bessie,Abells,Female,https://robohash.org/occaecatiautemnatus.png?size=50x50&set=set1
Gardy,Whittingham,Male,https://robohash.org/utdelectusminima.bmp?size=50x50&set=set1
Sonni,Cuttelar,Female,https://robohash.org/quostemporaodio.bmp?size=50x50&set=set1
Kaylil,Morison,Female,https://robohash.org/eaqueliberoenim.png?size=50x50&set=set1
Florian,Vain,Male,https://robohash.org/animiquaeimpedit.jpg?size=50x50&set=set1
Adi,Karchowski,Female,https://robohash.org/enimquimolestias.jpg?size=50x50&set=set1
Celene,Eplett,Female,https://robohash.org/molestiaeremab.png?size=50x50&set=set1
Lyndell,Jacson,Female,https://robohash.org/nequecumquesimilique.bmp?size=50x50&set=set1
Karita,Ruddin,Female,https://robohash.org/beataeipsumet.png?size=50x50&set=set1
Aharon,Wison,Male,https://robohash.org/voluptatemevenietet.png?size=50x50&set=set1
Charmaine,Aulds,Female,https://robohash.org/quislaudantiumsoluta.jpg?size=50x50&set=set1
Ferdie,Bowlas,Male,https://robohash.org/seditaqueoccaecati.bmp?size=50x50&set=set1
Rania,Stegers,Female,https://robohash.org/oditmolestiaequi.png?size=50x50&set=set1
Wallis,Brissard,Male,https://robohash.org/eosideveniet.png?size=50x50&set=set1
Trev,Danielou,Male,https://robohash.org/quienimid.jpg?size=50x50&set=set1
Leroi,Gaw,Male,https://robohash.org/utdignissimosquia.png?size=50x50&set=set1
Bria,Redmire,Female,https://robohash.org/maximequisquamnobis.jpg?size=50x50&set=set1
Aidan,Hudspeth,Female,https://robohash.org/beataelaboreasperiores.bmp?size=50x50&set=set1
Ermengarde,Brissard,Female,https://robohash.org/possimusvoluptatevel.jpg?size=50x50&set=set1
Kariotta,Caplen,Female,https://robohash.org/autemmollitiaet.png?size=50x50&set=set1
Arney,Pauling,Male,https://robohash.org/autlaborumut.png?size=50x50&set=set1
Gay,Blastock,Male,https://robohash.org/fugiatautnam.jpg?size=50x50&set=set1
Peggy,Cubbit,Female,https://robohash.org/enimrepellatvel.bmp?size=50x50&set=set1
Giustino,Charle,Male,https://robohash.org/undeutex.png?size=50x50&set=set1
Ulberto,Kirstein,Male,https://robohash.org/earumreprehenderitrepellendus.png?size=50x50&set=set1
Livvie,Valero,Female,https://robohash.org/etnesciuntdeserunt.png?size=50x50&set=set1
Bethina,Kervin,Female,https://robohash.org/veritatisassumendarepudiandae.png?size=50x50&set=set1
Otto,Daoust,Male,https://robohash.org/idquidebitis.bmp?size=50x50&set=set1
Hansiain,Cotgrove,Male,https://robohash.org/autmolestiaesint.jpg?size=50x50&set=set1
Constantine,Player,Male,https://robohash.org/recusandaequofugiat.jpg?size=50x50&set=set1
Orran,MacKibbon,Male,https://robohash.org/isterationehic.png?size=50x50&set=set1
Fionnula,Fyers,Female,https://robohash.org/autnullaid.jpg?size=50x50&set=set1
Tyler,Sargison,Male,https://robohash.org/praesentiumetmaiores.png?size=50x50&set=set1
Janeta,Dykas,Female,https://robohash.org/fugiatautsed.bmp?size=50x50&set=set1
Arden,Dredge,Female,https://robohash.org/laboredolorumlibero.bmp?size=50x50&set=set1
Linell,Le Provost,Female,https://robohash.org/quiquibusdamnulla.bmp?size=50x50&set=set1
Quintin,Ewence,Male,https://robohash.org/utplaceatid.png?size=50x50&set=set1
Rudie,Danielis,Male,https://robohash.org/aliquamrepudiandaesit.bmp?size=50x50&set=set1
Trina,Danielian,Female,https://robohash.org/quisoptioipsum.png?size=50x50&set=set1
Hoyt,Ryton,Male,https://robohash.org/oditsimiliquequi.jpg?size=50x50&set=set1
Tallie,Benninger,Female,https://robohash.org/etteneturprovident.bmp?size=50x50&set=set1
Sibylla,Bambrugh,Female,https://robohash.org/ipsamautrerum.bmp?size=50x50&set=set1
Byron,Baudins,Male,https://robohash.org/voluptatuminquo.png?size=50x50&set=set1
Jarad,Yakubowicz,Male,https://robohash.org/minimarerumquae.png?size=50x50&set=set1
Pieter,Mixon,Male,https://robohash.org/dolorummolestiasvoluptas.png?size=50x50&set=set1
Danit,Ricardot,Female,https://robohash.org/solutadebitisvoluptates.bmp?size=50x50&set=set1
Constancy,Ruffles,Female,https://robohash.org/evenietminusodit.bmp?size=50x50&set=set1
Colly,Catonne,Female,https://robohash.org/doloribusremdebitis.bmp?size=50x50&set=set1
Prinz,McCuaig,Male,https://robohash.org/doloremullamnon.bmp?size=50x50&set=set1
Em,Jedrzaszkiewicz,Male,https://robohash.org/asperioresutet.bmp?size=50x50&set=set1
Antonetta,Hirsch,Female,https://robohash.org/mollitiasaepedoloremque.jpg?size=50x50&set=set1
Henryetta,Ayer,Female,https://robohash.org/nammollitiavoluptas.jpg?size=50x50&set=set1
Bard,Deakins,Male,https://robohash.org/errornonvoluptatem.png?size=50x50&set=set1
Dael,Terrans,Male,https://robohash.org/quisarchitectominima.bmp?size=50x50&set=set1
Abbi,Bachnic,Female,https://robohash.org/doloremquevoluptasoccaecati.png?size=50x50&set=set1
Wolfie,Kitteringham,Male,https://robohash.org/assumendaipsammolestias.bmp?size=50x50&set=set1
Jessy,Treneer,Female,https://robohash.org/autquiaveniam.jpg?size=50x50&set=set1
Cthrine,Portinari,Female,https://robohash.org/blanditiisveritatisquas.png?size=50x50&set=set1
Adelbert,Smithson,Male,https://robohash.org/adsaepeoptio.bmp?size=50x50&set=set1
Chadd,Tomson,Male,https://robohash.org/eiusperferendisut.png?size=50x50&set=set1
Raul,Tolputt,Male,https://robohash.org/quiducimusnostrum.png?size=50x50&set=set1
Elsy,Janik,Female,https://robohash.org/enimetqui.png?size=50x50&set=set1
Reeta,Constant,Female,https://robohash.org/excepturisuntdolores.bmp?size=50x50&set=set1
Brandise,Huerta,Female,https://robohash.org/rationequiaminus.bmp?size=50x50&set=set1
Randy,Sherewood,Female,https://robohash.org/cumquidemest.jpg?size=50x50&set=set1
Wallie,Lardiner,Male,https://robohash.org/quasiundearchitecto.png?size=50x50&set=set1
Rourke,Griffitts,Male,https://robohash.org/maximefugitquas.png?size=50x50&set=set1
Ronna,Darrell,Female,https://robohash.org/laborumoptiodolores.png?size=50x50&set=set1
Bethina,Paulich,Female,https://robohash.org/estnonvoluptas.png?size=50x50&set=set1
Denna,Hayter,Female,https://robohash.org/ipsamerrorexcepturi.png?size=50x50&set=set1
Osgood,Durston,Male,https://robohash.org/etfacilisvoluptas.bmp?size=50x50&set=set1
Edeline,McGillivray,Female,https://robohash.org/cumutullam.bmp?size=50x50&set=set1
Linnea,Wallworth,Female,https://robohash.org/aliquamdolorexercitationem.jpg?size=50x50&set=set1
Trudey,Feldon,Female,https://robohash.org/architectoexplicabonecessitatibus.png?size=50x50&set=set1
Stirling,Spreadbury,Male,https://robohash.org/officiistotamlaborum.jpg?size=50x50&set=set1
Reggis,Roggers,Male,https://robohash.org/minusutvelit.bmp?size=50x50&set=set1
Kiah,Braybrooke,Female,https://robohash.org/officiisvoluptatemsint.bmp?size=50x50&set=set1
Osbourn,Chaves,Male,https://robohash.org/repellatnecessitatibusea.png?size=50x50&set=set1
Slade,Fogden,Male,https://robohash.org/totamaliquidincidunt.png?size=50x50&set=set1
Frederique,Giraldo,Female,https://robohash.org/consequaturidodit.png?size=50x50&set=set1
Esdras,Fergyson,Male,https://robohash.org/eosdoloresalias.bmp?size=50x50&set=set1
Hy,Hansley,Male,https://robohash.org/estsuscipitnihil.png?size=50x50&set=set1
Corie,Sotham,Female,https://robohash.org/ametcumquevoluptate.jpg?size=50x50&set=set1
Andres,Lappine,Male,https://robohash.org/excepturiautemtenetur.jpg?size=50x50&set=set1
Chance,Kenaway,Male,https://robohash.org/praesentiumidcommodi.jpg?size=50x50&set=set1
Sherlocke,Thormwell,Male,https://robohash.org/etinnon.jpg?size=50x50&set=set1
Bearnard,Bruff,Male,https://robohash.org/abatqueanimi.bmp?size=50x50&set=set1
Birgit,Tilbury,Female,https://robohash.org/teneturautrerum.png?size=50x50&set=set1
Ulrike,Mackin,Female,https://robohash.org/doloresassumendalaudantium.jpg?size=50x50&set=set1
Josias,Schankelborg,Male,https://robohash.org/etculpaquia.png?size=50x50&set=set1
Frederigo,Raggles,Male,https://robohash.org/nisiinventoredolor.png?size=50x50&set=set1
Brig,Ballin,Male,https://robohash.org/nesciunteosveniam.jpg?size=50x50&set=set1
Tod,Baruch,Male,https://robohash.org/autetarchitecto.jpg?size=50x50&set=set1
Pip,Andres,Male,https://robohash.org/voluptaseaomnis.bmp?size=50x50&set=set1
Sherwood,Dobbinson,Male,https://robohash.org/eaeossequi.png?size=50x50&set=set1
Eleonora,Rudgard,Female,https://robohash.org/atteneturquisquam.png?size=50x50&set=set1
Nicky,Feathersby,Female,https://robohash.org/magnampariaturdicta.bmp?size=50x50&set=set1
Vivia,MacKerley,Female,https://robohash.org/quocumoptio.bmp?size=50x50&set=set1
Humfrid,Steddall,Male,https://robohash.org/etodioblanditiis.jpg?size=50x50&set=set1
Merilee,Labat,Female,https://robohash.org/errorquiconsequatur.jpg?size=50x50&set=set1
Eunice,Bucklan,Female,https://robohash.org/verositid.bmp?size=50x50&set=set1
Jeffry,Lennarde,Male,https://robohash.org/delectuseveniettenetur.jpg?size=50x50&set=set1
Mattie,Tattersall,Male,https://robohash.org/eumnullalaboriosam.jpg?size=50x50&set=set1
Daniele,Tofanelli,Female,https://robohash.org/velitoccaecatiasperiores.png?size=50x50&set=set1
Luelle,Garlic,Female,https://robohash.org/utdelectusporro.jpg?size=50x50&set=set1
Kenn,Proby,Male,https://robohash.org/velassumendaamet.png?size=50x50&set=set1
Colas,Beed,Male,https://robohash.org/temporibusquiavero.jpg?size=50x50&set=set1
Gannie,Hacard,Male,https://robohash.org/cupiditatenesciuntatque.bmp?size=50x50&set=set1
Bee,McBean,Female,https://robohash.org/voluptasquisquamrerum.jpg?size=50x50&set=set1
Crystie,Mahaddie,Female,https://robohash.org/repudiandaecommodisit.bmp?size=50x50&set=set1
Ninetta,Donalson,Female,https://robohash.org/aperiamfugaut.jpg?size=50x50&set=set1
Ferdie,Bony,Male,https://robohash.org/velitametquis.jpg?size=50x50&set=set1
Maribeth,Riach,Female,https://robohash.org/fugaquiaminima.bmp?size=50x50&set=set1
Lyell,Plaide,Male,https://robohash.org/fugaessefacere.png?size=50x50&set=set1
Valentin,Clarage,Male,https://robohash.org/commodiautamet.png?size=50x50&set=set1
Edd,Dolley,Male,https://robohash.org/repellendusitaquein.png?size=50x50&set=set1
Amii,Ricciardi,Female,https://robohash.org/sedestfuga.jpg?size=50x50&set=set1
Pacorro,Woollin,Male,https://robohash.org/doloreconsequaturofficiis.jpg?size=50x50&set=set1
Theobald,Trill,Male,https://robohash.org/architectocumipsa.bmp?size=50x50&set=set1
Lucia,Trustey,Female,https://robohash.org/sintiustoomnis.jpg?size=50x50&set=set1
Cam,MacConnechie,Male,https://robohash.org/remetarchitecto.bmp?size=50x50&set=set1
Greg,Monaghan,Male,https://robohash.org/maioresconsequaturvoluptatum.bmp?size=50x50&set=set1
Justinn,Housbie,Female,https://robohash.org/atcorporisnulla.png?size=50x50&set=set1
Joseito,Giovanni,Male,https://robohash.org/quosmolestiasquas.bmp?size=50x50&set=set1
Janifer,Bagnall,Female,https://robohash.org/nequequaeratpraesentium.jpg?size=50x50&set=set1
Zolly,Collyer,Male,https://robohash.org/verotemporibusquia.jpg?size=50x50&set=set1
Muire,Whife,Female,https://robohash.org/doloribuscumest.png?size=50x50&set=set1
Cairistiona,Dayer,Female,https://robohash.org/necessitatibusfugiatoccaecati.png?size=50x50&set=set1
Stanislaus,MacKall,Male,https://robohash.org/nonadsit.bmp?size=50x50&set=set1
Farris,Chamney,Male,https://robohash.org/omnisminimaofficiis.bmp?size=50x50&set=set1
Si,Rosewall,Male,https://robohash.org/suntducimusfugit.png?size=50x50&set=set1
Herve,Jeynes,Male,https://robohash.org/impeditquiarem.bmp?size=50x50&set=set1
Lulu,Guilloton,Female,https://robohash.org/placeatsimiliquenihil.png?size=50x50&set=set1
Aeriel,Batalle,Female,https://robohash.org/abexplicaboaut.png?size=50x50&set=set1
Haily,MacNucator,Female,https://robohash.org/eligendidolorab.jpg?size=50x50&set=set1
Darren,Knibbs,Male,https://robohash.org/fugavitaesed.bmp?size=50x50&set=set1
Jeffry,Seathwright,Male,https://robohash.org/minusearumtemporibus.png?size=50x50&set=set1
Barty,Burtwell,Male,https://robohash.org/perferendislaborequos.png?size=50x50&set=set1
Thaddeus,Wones,Male,https://robohash.org/doloreminqui.bmp?size=50x50&set=set1
Forrest,Brilon,Male,https://robohash.org/etautnumquam.jpg?size=50x50&set=set1
Jennie,Jeaves,Female,https://robohash.org/sitquocommodi.bmp?size=50x50&set=set1
Kendell,Dauney,Male,https://robohash.org/quodutet.png?size=50x50&set=set1
Nobe,Cushe,Male,https://robohash.org/maximevoluptassint.bmp?size=50x50&set=set1
Henderson,Spirit,Male,https://robohash.org/autconsequaturqui.png?size=50x50&set=set1
Caty,Sorrell,Female,https://robohash.org/sitatquemolestias.bmp?size=50x50&set=set1
Alain,Ramelot,Male,https://robohash.org/etmagnamet.jpg?size=50x50&set=set1
Corabella,Mullard,Female,https://robohash.org/eossuntin.bmp?size=50x50&set=set1
Bartholemy,Williamson,Male,https://robohash.org/omnisblanditiisut.bmp?size=50x50&set=set1
Burnard,Kitchenside,Male,https://robohash.org/illumquiaullam.jpg?size=50x50&set=set1
Christina,Goranov,Female,https://robohash.org/etfacilisitaque.bmp?size=50x50&set=set1
Burgess,Pottinger,Male,https://robohash.org/nonesserepudiandae.bmp?size=50x50&set=set1
Jephthah,Robez,Male,https://robohash.org/voluptateatquequia.jpg?size=50x50&set=set1
Dallon,Adaway,Male,https://robohash.org/reprehenderitlaudantiumveritatis.jpg?size=50x50&set=set1
Rodi,Dandy,Female,https://robohash.org/laboriosameaquedolorum.jpg?size=50x50&set=set1
Rolfe,Soans,Male,https://robohash.org/autetatque.png?size=50x50&set=set1
Salmon,Yeatman,Male,https://robohash.org/placeatteneturmolestiae.bmp?size=50x50&set=set1
Adrienne,Fox,Female,https://robohash.org/laboresapientedolor.bmp?size=50x50&set=set1
Magdalena,Grishmanov,Female,https://robohash.org/voluptatemetiusto.png?size=50x50&set=set1
Giacomo,Finnes,Male,https://robohash.org/culpavoluptatibusharum.jpg?size=50x50&set=set1
Granville,Dhennin,Male,https://robohash.org/utnonqui.png?size=50x50&set=set1
Kean,Demogeot,Male,https://robohash.org/quosquiaaccusamus.jpg?size=50x50&set=set1
Claudio,Staite,Male,https://robohash.org/autmaiorestempora.jpg?size=50x50&set=set1
Kylie,Rosenfelder,Female,https://robohash.org/eosvelitet.bmp?size=50x50&set=set1
Joseito,Aulton,Male,https://robohash.org/doloresquidemaut.jpg?size=50x50&set=set1
Perice,Kirrens,Male,https://robohash.org/etquocupiditate.bmp?size=50x50&set=set1
Corty,Buxam,Male,https://robohash.org/quiquiullam.png?size=50x50&set=set1
Ford,Silburn,Male,https://robohash.org/liberoeumqui.bmp?size=50x50&set=set1
Brena,Dawidowitsch,Female,https://robohash.org/eaomnisvoluptas.bmp?size=50x50&set=set1
Bethanne,Scase,Female,https://robohash.org/quodnecessitatibusvel.bmp?size=50x50&set=set1
Benoite,Hexam,Female,https://robohash.org/undepariaturearum.bmp?size=50x50&set=set1
Morly,Tuft,Male,https://robohash.org/minimadoloremquibusdam.jpg?size=50x50&set=set1
Wynn,Caws,Female,https://robohash.org/sintquiapossimus.png?size=50x50&set=set1
Hyacinth,Wiggett,Female,https://robohash.org/sintconsequaturenim.bmp?size=50x50&set=set1
Dorrie,Skeech,Female,https://robohash.org/ducimusexplicaboet.bmp?size=50x50&set=set1
Dyan,Kett,Female,https://robohash.org/quisdoloremqueeos.jpg?size=50x50&set=set1
Devonna,Braine,Female,https://robohash.org/tenetursedmolestias.png?size=50x50&set=set1
Kasey,Hanham,Female,https://robohash.org/nondoloret.bmp?size=50x50&set=set1
Christye,Alessandretti,Female,https://robohash.org/occaecatitemporequisquam.jpg?size=50x50&set=set1
Maurise,Tesmond,Male,https://robohash.org/perferendissintcum.png?size=50x50&set=set1
Cindy,Batham,Female,https://robohash.org/quirepudiandaelibero.jpg?size=50x50&set=set1
Tomaso,Speake,Male,https://robohash.org/doloribuseaqueet.bmp?size=50x50&set=set1
Milt,Verman,Male,https://robohash.org/nequeullammolestiae.jpg?size=50x50&set=set1
Dottie,Eacle,Female,https://robohash.org/placeatetunde.jpg?size=50x50&set=set1
Hall,Hanhard,Male,https://robohash.org/doloremaliquammagnam.png?size=50x50&set=set1
Abran,Bogey,Male,https://robohash.org/ullamautautem.bmp?size=50x50&set=set1
Gabriel,Christopher,Male,https://robohash.org/idquaedolorum.bmp?size=50x50&set=set1
Cass,Coard,Male,https://robohash.org/cumquedoloribussint.png?size=50x50&set=set1
Glyn,Abramovic,Female,https://robohash.org/rationenullaeligendi.bmp?size=50x50&set=set1
Sibyl,Merrgan,Female,https://robohash.org/suntettemporibus.png?size=50x50&set=set1
Cyrillus,McCullogh,Male,https://robohash.org/utnatussunt.png?size=50x50&set=set1
Iosep,Jirousek,Male,https://robohash.org/eaqueautvoluptatem.bmp?size=50x50&set=set1
Devon,Leydon,Female,https://robohash.org/doloremsintut.png?size=50x50&set=set1
Jeffry,Jammes,Male,https://robohash.org/rerumautvoluptatem.jpg?size=50x50&set=set1
Hyacinth,Cayle,Female,https://robohash.org/consequunturnatussequi.bmp?size=50x50&set=set1
Andrej,Rupprecht,Male,https://robohash.org/auttemporibuset.png?size=50x50&set=set1
Win,Ambridge,Male,https://robohash.org/praesentiummolestiaset.bmp?size=50x50&set=set1
Fiona,Kassidy,Female,https://robohash.org/quiaatenim.bmp?size=50x50&set=set1
Norean,Skrines,Female,https://robohash.org/aliaslaborumad.jpg?size=50x50&set=set1
Gerald,Jamme,Male,https://robohash.org/culpafacerepariatur.png?size=50x50&set=set1
Darbee,Dami,Male,https://robohash.org/fugitsaepenatus.bmp?size=50x50&set=set1
Tammy,Awdry,Male,https://robohash.org/omnisquisquamsit.png?size=50x50&set=set1
Erina,Creamer,Female,https://robohash.org/suntestvoluptatem.jpg?size=50x50&set=set1
Nikos,Blackie,Male,https://robohash.org/quiaetnobis.png?size=50x50&set=set1
Liliane,Avarne,Female,https://robohash.org/dignissimosestipsum.jpg?size=50x50&set=set1
Elke,McFeat,Female,https://robohash.org/molestiaesedet.jpg?size=50x50&set=set1
Marylinda,Eltun,Female,https://robohash.org/rerummaximeassumenda.jpg?size=50x50&set=set1
Janessa,Daws,Female,https://robohash.org/nemoetaut.png?size=50x50&set=set1
Anthiathia,Simonelli,Female,https://robohash.org/estsolutatempore.png?size=50x50&set=set1
Gallagher,Tripean,Male,https://robohash.org/itaquenumquamaperiam.bmp?size=50x50&set=set1
Vincents,Janu,Male,https://robohash.org/sintmagniea.png?size=50x50&set=set1
Merridie,Guitonneau,Female,https://robohash.org/corruptiilloaliquam.png?size=50x50&set=set1
Sena,Coombes,Female,https://robohash.org/sitquiet.bmp?size=50x50&set=set1
Candide,Ondrusek,Female,https://robohash.org/sequiexplicaboqui.png?size=50x50&set=set1
Basile,Matthisson,Male,https://robohash.org/quibusdamaliquammodi.png?size=50x50&set=set1
Mina,Le Teve,Female,https://robohash.org/aperiamutminima.bmp?size=50x50&set=set1
Gill,Grigoroni,Female,https://robohash.org/idveritatisdolorem.jpg?size=50x50&set=set1
Joelynn,Westhoff,Female,https://robohash.org/quiaaliasquo.bmp?size=50x50&set=set1
Gardiner,Du Plantier,Male,https://robohash.org/laudantiumvoluptascorporis.bmp?size=50x50&set=set1
Brianna,Weetch,Female,https://robohash.org/solutainventorequi.jpg?size=50x50&set=set1
Kris,Toffler,Female,https://robohash.org/utculpased.jpg?size=50x50&set=set1
Morty,Whatsize,Male,https://robohash.org/eteaqueest.png?size=50x50&set=set1
Jinny,De Carteret,Female,https://robohash.org/blanditiisquiqui.png?size=50x50&set=set1
Darya,Loren,Female,https://robohash.org/doloremquevoluptasaliquid.png?size=50x50&set=set1
Gretchen,Barbosa,Female,https://robohash.org/pariaturasit.jpg?size=50x50&set=set1
Vikky,Bigby,Female,https://robohash.org/quiaametid.png?size=50x50&set=set1
Prudence,Leece,Female,https://robohash.org/odioeaconsequatur.bmp?size=50x50&set=set1
Wallis,Boutell,Male,https://robohash.org/officiisatquevero.png?size=50x50&set=set1
Stanwood,Deathridge,Male,https://robohash.org/molestiaemaximeest.jpg?size=50x50&set=set1
Kelci,Brimblecombe,Female,https://robohash.org/aperiamautnisi.jpg?size=50x50&set=set1
Lynne,Issacson,Female,https://robohash.org/eumeligendiaut.png?size=50x50&set=set1
Sherie,Greasty,Female,https://robohash.org/eaipsamratione.png?size=50x50&set=set1
Ronnie,Skyrme,Male,https://robohash.org/maximeautlaboriosam.bmp?size=50x50&set=set1
Benji,Peedell,Male,https://robohash.org/porroitaquenesciunt.jpg?size=50x50&set=set1
Ernestus,Parfrey,Male,https://robohash.org/adipiscimagnivitae.jpg?size=50x50&set=set1
Tabbitha,Derwin,Female,https://robohash.org/nisieumeos.bmp?size=50x50&set=set1
Cecilia,McTurley,Female,https://robohash.org/nisialiasporro.png?size=50x50&set=set1
Worth,Rearie,Male,https://robohash.org/suscipitipsamporro.png?size=50x50&set=set1
Annabal,Corpes,Female,https://robohash.org/iustononvoluptas.png?size=50x50&set=set1
Diane-marie,Nare,Female,https://robohash.org/assumendaundelaboriosam.bmp?size=50x50&set=set1
Retha,Huggin,Female,https://robohash.org/estrerumsaepe.png?size=50x50&set=set1
Adey,Hatherall,Female,https://robohash.org/evenietetdoloribus.jpg?size=50x50&set=set1
Ashlee,Jansson,Female,https://robohash.org/estmollitiarerum.png?size=50x50&set=set1
Norman,Yeeles,Male,https://robohash.org/maximelaboreinventore.jpg?size=50x50&set=set1
Averil,Jolley,Male,https://robohash.org/quiavoluptatumincidunt.bmp?size=50x50&set=set1
Ambrosi,Heintsch,Male,https://robohash.org/ipsamaliasaccusamus.png?size=50x50&set=set1
Mitch,Klagges,Male,https://robohash.org/repellendusblanditiisquis.jpg?size=50x50&set=set1
Sonnnie,Lasselle,Female,https://robohash.org/corporispariaturfuga.png?size=50x50&set=set1
Dannel,Ciani,Male,https://robohash.org/reprehenderitmolestiasquam.bmp?size=50x50&set=set1
Petronella,Sherar,Female,https://robohash.org/doloresabcum.bmp?size=50x50&set=set1
Sax,Morriarty,Male,https://robohash.org/magnameumrepellendus.png?size=50x50&set=set1
Chrystal,Bugge,Female,https://robohash.org/quisnecessitatibuset.jpg?size=50x50&set=set1
Paquito,Petters,Male,https://robohash.org/liberoutet.bmp?size=50x50&set=set1
Rolando,Cotta,Male,https://robohash.org/perspiciatisdoloribusenim.jpg?size=50x50&set=set1
Wayland,Tuckwood,Male,https://robohash.org/omnisveritatisillum.bmp?size=50x50&set=set1
Ferdinande,Jendricke,Female,https://robohash.org/doloresexdoloribus.png?size=50x50&set=set1
Ida,Spottiswood,Female,https://robohash.org/autsedsimilique.bmp?size=50x50&set=set1
Maxwell,Tull,Male,https://robohash.org/atetquidem.jpg?size=50x50&set=set1
Bibbye,Griffithe,Female,https://robohash.org/doloresplaceatsaepe.bmp?size=50x50&set=set1
Cristi,Montilla,Female,https://robohash.org/quaeratdolorequi.jpg?size=50x50&set=set1
Lorianna,Hargreves,Female,https://robohash.org/voluptateslaborevoluptatem.jpg?size=50x50&set=set1
Wait,Scinelli,Male,https://robohash.org/molestiaesolutarecusandae.png?size=50x50&set=set1
Aron,Gramer,Male,https://robohash.org/minimaoditunde.png?size=50x50&set=set1
Blakeley,Rickett,Female,https://robohash.org/quodblanditiiscupiditate.png?size=50x50&set=set1
Kristos,Gonnelly,Male,https://robohash.org/voluptasutfugiat.png?size=50x50&set=set1
Petronia,Dutnall,Female,https://robohash.org/quissapientequi.png?size=50x50&set=set1
Alano,O'Bradain,Male,https://robohash.org/deserunttotamquisquam.png?size=50x50&set=set1
Meredith,Benardette,Male,https://robohash.org/voluptasvoluptatemsunt.bmp?size=50x50&set=set1
Jerrilyn,O'Currine,Female,https://robohash.org/animinihilaut.jpg?size=50x50&set=set1
Ciro,Laingmaid,Male,https://robohash.org/solutaidadipisci.png?size=50x50&set=set1
Hesther,Pischel,Female,https://robohash.org/ametquisconsequatur.png?size=50x50&set=set1
Valentino,Tigner,Male,https://robohash.org/molestiaeanesciunt.png?size=50x50&set=set1
Chad,Achromov,Male,https://robohash.org/perspiciatisutvoluptas.bmp?size=50x50&set=set1
Deana,Pantone,Female,https://robohash.org/pariaturoditvoluptas.jpg?size=50x50&set=set1
Eirena,Garlette,Female,https://robohash.org/sedlaborecommodi.png?size=50x50&set=set1
Klement,Crippin,Male,https://robohash.org/aomnisaccusamus.jpg?size=50x50&set=set1
Dill,Denisyev,Male,https://robohash.org/nonnullaporro.png?size=50x50&set=set1
Lock,Cuttler,Male,https://robohash.org/consequaturaspernaturaccusamus.bmp?size=50x50&set=set1
Mirabella,Ludovici,Female,https://robohash.org/iuretemporeodio.jpg?size=50x50&set=set1
Bonnibelle,Helsdon,Female,https://robohash.org/quiaitaquesit.jpg?size=50x50&set=set1
Laverne,Farre,Female,https://robohash.org/nonsolutaet.jpg?size=50x50&set=set1
Gale,Gounot,Female,https://robohash.org/voluptatereprehenderitest.png?size=50x50&set=set1
Randie,Philler,Male,https://robohash.org/totamsitvoluptatum.jpg?size=50x50&set=set1
Kara,Benneyworth,Female,https://robohash.org/eanonvoluptas.bmp?size=50x50&set=set1
Anthiathia,Wharmby,Female,https://robohash.org/aspernaturdebitisrepudiandae.png?size=50x50&set=set1
Fremont,Soles,Male,https://robohash.org/ipsaquaeratmolestiae.bmp?size=50x50&set=set1
Aundrea,Bussetti,Female,https://robohash.org/quodexcepturimolestiae.bmp?size=50x50&set=set1
Wilie,Sammons,Female,https://robohash.org/temporibusutquisquam.png?size=50x50&set=set1
Louis,Signoret,Male,https://robohash.org/estexrepellendus.bmp?size=50x50&set=set1
Shaylynn,McKendry,Female,https://robohash.org/voluptatemexconsequatur.png?size=50x50&set=set1
Jania,Van De Cappelle,Female,https://robohash.org/illumeligendideleniti.png?size=50x50&set=set1
Herta,Winn,Female,https://robohash.org/repellendusimpeditsit.png?size=50x50&set=set1
Yolanda,Cino,Female,https://robohash.org/optioquiut.jpg?size=50x50&set=set1
Luisa,Schimek,Female,https://robohash.org/seddolorumconsequuntur.jpg?size=50x50&set=set1
Fitz,Purkiss,Male,https://robohash.org/dolorumsuntmaiores.jpg?size=50x50&set=set1
Allie,Gremain,Female,https://robohash.org/consecteturautlaboriosam.bmp?size=50x50&set=set1
Tobe,Alam,Female,https://robohash.org/etautimpedit.png?size=50x50&set=set1
Merola,Bicknell,Female,https://robohash.org/oditcupiditateveniam.png?size=50x50&set=set1
Lance,Macauley,Male,https://robohash.org/officiisquosvel.bmp?size=50x50&set=set1
Quintus,Exrol,Male,https://robohash.org/nameteaque.png?size=50x50&set=set1
Kylie,Freak,Male,https://robohash.org/magninecessitatibusid.jpg?size=50x50&set=set1
Averil,Rosencrantz,Female,https://robohash.org/autveniamrerum.png?size=50x50&set=set1
Kasey,Eliaz,Female,https://robohash.org/iduteos.png?size=50x50&set=set1
Nari,Ginsie,Female,https://robohash.org/eumimpeditneque.bmp?size=50x50&set=set1
Federico,Fakes,Male,https://robohash.org/mollitianihiladipisci.jpg?size=50x50&set=set1
Eric,Wolstencroft,Male,https://robohash.org/fugitipsaullam.bmp?size=50x50&set=set1
Alyce,Icke,Female,https://robohash.org/idsolutafugit.bmp?size=50x50&set=set1
Allison,Dightham,Female,https://robohash.org/harumaliassint.bmp?size=50x50&set=set1
Reese,Treweek,Male,https://robohash.org/quiaatlibero.jpg?size=50x50&set=set1
Rochette,Caston,Female,https://robohash.org/atquemoditempora.png?size=50x50&set=set1
Aida,Uphill,Female,https://robohash.org/ipsatotamet.png?size=50x50&set=set1
Linnell,Bims,Female,https://robohash.org/quilaborumeos.png?size=50x50&set=set1
Ethelbert,Doul,Male,https://robohash.org/eumdeseruntasperiores.bmp?size=50x50&set=set1
Julius,Guion,Male,https://robohash.org/autlaborumimpedit.jpg?size=50x50&set=set1
Aharon,Chmiel,Male,https://robohash.org/sequidolorema.jpg?size=50x50&set=set1
Roderic,O'Lenane,Male,https://robohash.org/iurerepellatet.png?size=50x50&set=set1
Corny,Acum,Female,https://robohash.org/repellendusenimvoluptate.jpg?size=50x50&set=set1
Dionysus,Bealton,Male,https://robohash.org/quorepudiandaesunt.bmp?size=50x50&set=set1
Joyann,Quemby,Female,https://robohash.org/uthicdolore.jpg?size=50x50&set=set1
Orland,Goadbie,Male,https://robohash.org/hicutprovident.bmp?size=50x50&set=set1
Petronella,Breckwell,Female,https://robohash.org/nemoassumendaaccusantium.jpg?size=50x50&set=set1
Colver,Callway,Male,https://robohash.org/perspiciatisaliquidpraesentium.bmp?size=50x50&set=set1
Louisette,Cornils,Female,https://robohash.org/ametplaceatdignissimos.png?size=50x50&set=set1
Rossie,Rois,Male,https://robohash.org/indoloremqueitaque.bmp?size=50x50&set=set1
Bennett,Arnauduc,Male,https://robohash.org/officiisquisvitae.bmp?size=50x50&set=set1
Arvin,Tedahl,Male,https://robohash.org/mollitiaillumitaque.jpg?size=50x50&set=set1
Carlina,Benka,Female,https://robohash.org/modiquisea.jpg?size=50x50&set=set1
Bunni,Witcombe,Female,https://robohash.org/natusdelectusautem.png?size=50x50&set=set1
Margareta,Bloore,Female,https://robohash.org/temporeuteius.bmp?size=50x50&set=set1
Buckie,Caberas,Male,https://robohash.org/aliquamquiaitaque.png?size=50x50&set=set1
Gran,Brightman,Male,https://robohash.org/assumendaexpeditacorporis.bmp?size=50x50&set=set1
Sisile,Kwiek,Female,https://robohash.org/liberoautcorporis.png?size=50x50&set=set1
Blondell,Mirfield,Female,https://robohash.org/quosdelectusaut.bmp?size=50x50&set=set1
Silas,Spurdens,Male,https://robohash.org/essequiducimus.jpg?size=50x50&set=set1
Shir,Shufflebotham,Female,https://robohash.org/explicabolaboriosamlaudantium.bmp?size=50x50&set=set1
Cecilla,Sargeaunt,Female,https://robohash.org/etestmolestiae.bmp?size=50x50&set=set1
Felisha,Castanyer,Female,https://robohash.org/ullamplaceatlibero.png?size=50x50&set=set1
Jen,Scotchbourouge,Female,https://robohash.org/autidcorrupti.jpg?size=50x50&set=set1
Lari,Proske,Female,https://robohash.org/rationeipsumaspernatur.bmp?size=50x50&set=set1
Aluino,Tregien,Male,https://robohash.org/quibusdamquosab.png?size=50x50&set=set1
Ardath,Bloxsome,Female,https://robohash.org/etidnisi.png?size=50x50&set=set1
Kerstin,Mascall,Female,https://robohash.org/mollitiarepellatiusto.png?size=50x50&set=set1
Merrie,Curuclis,Female,https://robohash.org/enimnemonihil.jpg?size=50x50&set=set1
Bartolemo,Ashton,Male,https://robohash.org/invitaesunt.jpg?size=50x50&set=set1
Shirline,La Wille,Female,https://robohash.org/utducimusest.png?size=50x50&set=set1
Midge,Guttridge,Female,https://robohash.org/nisiprovidentfugit.jpg?size=50x50&set=set1
Arnoldo,Rudderham,Male,https://robohash.org/idmagnised.bmp?size=50x50&set=set1
Cristionna,Bergeon,Female,https://robohash.org/quiaquisautem.png?size=50x50&set=set1
Bourke,Drillingcourt,Male,https://robohash.org/consequaturrecusandaemolestias.bmp?size=50x50&set=set1
Gisele,Garmey,Female,https://robohash.org/minimaquisquamdistinctio.jpg?size=50x50&set=set1
Noell,Gianulli,Female,https://robohash.org/omnisabin.bmp?size=50x50&set=set1
Earvin,Morrad,Male,https://robohash.org/utipsamdoloribus.png?size=50x50&set=set1
Ximenes,Munton,Male,https://robohash.org/modinonest.png?size=50x50&set=set1
Lamont,Swalteridge,Male,https://robohash.org/utperspiciatisdolor.png?size=50x50&set=set1
Nady,Sollam,Female,https://robohash.org/autemfugiatdoloribus.bmp?size=50x50&set=set1
Hersh,Lidstone,Male,https://robohash.org/etipsalabore.jpg?size=50x50&set=set1
Vin,Walters,Female,https://robohash.org/veniamautest.jpg?size=50x50&set=set1
Edmon,Laxston,Male,https://robohash.org/voluptatesrepellatdolor.png?size=50x50&set=set1
Tiler,Spragg,Male,https://robohash.org/atquedolordeserunt.jpg?size=50x50&set=set1
Shawna,Screen,Female,https://robohash.org/quisquamblanditiisvoluptatibus.png?size=50x50&set=set1
Burke,Hamson,Male,https://robohash.org/veronihilfacere.bmp?size=50x50&set=set1
Brenna,Reven,Female,https://robohash.org/maximeipsumvoluptas.bmp?size=50x50&set=set1
Giralda,Queree,Female,https://robohash.org/harumcumullam.png?size=50x50&set=set1
Ezmeralda,Estevez,Female,https://robohash.org/fugiatinciduntvoluptatem.png?size=50x50&set=set1
Sela,Hawse,Female,https://robohash.org/ducimusnihilquo.png?size=50x50&set=set1
Roseann,Catlette,Female,https://robohash.org/cumdebitisnatus.bmp?size=50x50&set=set1
Merrel,Grealy,Male,https://robohash.org/assumendamagnamneque.jpg?size=50x50&set=set1
Llywellyn,Bucknill,Male,https://robohash.org/veniamfugitsunt.bmp?size=50x50&set=set1
Sula,Markie,Female,https://robohash.org/similiquedoloremqueamet.jpg?size=50x50&set=set1
Jessie,Aldine,Female,https://robohash.org/voluptateineum.jpg?size=50x50&set=set1
Rem,Duckels,Male,https://robohash.org/optioidomnis.png?size=50x50&set=set1
Vick,Maffeo,Male,https://robohash.org/etrepellendusiure.bmp?size=50x50&set=set1
Gayelord,Martinelli,Male,https://robohash.org/optioexcepturiodio.png?size=50x50&set=set1
Randall,Leband,Male,https://robohash.org/velsintsuscipit.png?size=50x50&set=set1
Elysha,Clipson,Female,https://robohash.org/deseruntnostrumdolore.jpg?size=50x50&set=set1
Kurt,Lyles,Male,https://robohash.org/omnisnisieum.png?size=50x50&set=set1
Rufus,Rosendahl,Male,https://robohash.org/laudantiumexplicaboest.png?size=50x50&set=set1
Ximenes,Tomasutti,Male,https://robohash.org/quodremiusto.png?size=50x50&set=set1
Stearne,Feifer,Male,https://robohash.org/sequinonhic.bmp?size=50x50&set=set1
Blondelle,Aspall,Female,https://robohash.org/doloresdistinctioratione.png?size=50x50&set=set1
Oralee,O'Lunny,Female,https://robohash.org/molestiassitquo.png?size=50x50&set=set1
Israel,Easby,Male,https://robohash.org/esteligendiomnis.bmp?size=50x50&set=set1
Eric,Pigrome,Male,https://robohash.org/fugitdoloremest.jpg?size=50x50&set=set1
Chantalle,McIlvaney,Female,https://robohash.org/nihilipsumnumquam.bmp?size=50x50&set=set1
Maura,Mobius,Female,https://robohash.org/quiavoluptatumlabore.png?size=50x50&set=set1
Sherye,Center,Female,https://robohash.org/eossuntet.jpg?size=50x50&set=set1
Fabian,Hum,Male,https://robohash.org/quietcorporis.jpg?size=50x50&set=set1
Scotty,Petrenko,Male,https://robohash.org/quidemasperioresnon.jpg?size=50x50&set=set1
Malachi,Doerr,Male,https://robohash.org/rationevelet.bmp?size=50x50&set=set1
Ryan,Piburn,Male,https://robohash.org/voluptateevenietarchitecto.bmp?size=50x50&set=set1
Peter,Crayke,Male,https://robohash.org/ipsautvelit.png?size=50x50&set=set1
Cyril,Buse,Male,https://robohash.org/officiisautemest.jpg?size=50x50&set=set1
Wynny,Mazdon,Female,https://robohash.org/placeatquisrem.png?size=50x50&set=set1
Ryan,Andrini,Male,https://robohash.org/explicaboautsit.png?size=50x50&set=set1
Rayner,Dowsey,Male,https://robohash.org/rerumomnisanimi.bmp?size=50x50&set=set1
Mahmud,Pottie,Male,https://robohash.org/etcupiditatetotam.png?size=50x50&set=set1
Cully,Tesmond,Male,https://robohash.org/quoitaqueaut.jpg?size=50x50&set=set1
Julieta,Easterby,Female,https://robohash.org/rerumminusharum.png?size=50x50&set=set1
Clarita,Olman,Female,https://robohash.org/quiilloet.bmp?size=50x50&set=set1
Winny,Jaggard,Male,https://robohash.org/utsintofficia.bmp?size=50x50&set=set1
Tabby,Gazey,Female,https://robohash.org/aliquamperferendisfuga.bmp?size=50x50&set=set1
Letta,Audiss,Female,https://robohash.org/remetofficiis.png?size=50x50&set=set1
Katharyn,Jozefczak,Female,https://robohash.org/eumvoluptateillo.bmp?size=50x50&set=set1
Sofie,Felipe,Female,https://robohash.org/voluptatemdoloremmaxime.jpg?size=50x50&set=set1
Juan,Corkill,Male,https://robohash.org/porroeaest.jpg?size=50x50&set=set1
Gretta,Truse,Female,https://robohash.org/quaererumasperiores.png?size=50x50&set=set1
Alberta,Fagg,Female,https://robohash.org/enimoptioquisquam.jpg?size=50x50&set=set1
Glenine,Olliff,Female,https://robohash.org/namquiaqui.bmp?size=50x50&set=set1
Noni,Kelsall,Female,https://robohash.org/veniamquiarerum.bmp?size=50x50&set=set1
Carlene,Middlemist,Female,https://robohash.org/recusandaelaboreest.jpg?size=50x50&set=set1
Augusta,Fairchild,Female,https://robohash.org/deseruntquaeratducimus.bmp?size=50x50&set=set1
Alexandra,Chattington,Female,https://robohash.org/dictavoluptatemquaerat.jpg?size=50x50&set=set1
Cleve,Barrow,Male,https://robohash.org/eamaximeet.png?size=50x50&set=set1
Jammal,Addionizio,Male,https://robohash.org/facilisomnishic.jpg?size=50x50&set=set1
Ezechiel,Veart,Male,https://robohash.org/quodutaut.bmp?size=50x50&set=set1
Marchelle,Rycraft,Female,https://robohash.org/molestiasiureatque.png?size=50x50&set=set1
Marius,Devany,Male,https://robohash.org/inciduntetconsequuntur.png?size=50x50&set=set1
Suzy,Bampkin,Female,https://robohash.org/veletvoluptatem.png?size=50x50&set=set1
Lari,Archbell,Female,https://robohash.org/sequiidaperiam.png?size=50x50&set=set1
Sianna,Dranfield,Female,https://robohash.org/similiqueexqui.png?size=50x50&set=set1
Norman,Cannam,Male,https://robohash.org/corruptisapienteet.bmp?size=50x50&set=set1
Cory,Anderbrugge,Female,https://robohash.org/voluptatumundequi.png?size=50x50&set=set1
Fulvia,Damato,Female,https://robohash.org/voluptatemutquia.bmp?size=50x50&set=set1
Roseann,Diegan,Female,https://robohash.org/accusamusestrerum.jpg?size=50x50&set=set1
Opal,Henmarsh,Female,https://robohash.org/velitconsecteturest.jpg?size=50x50&set=set1
Iolande,Dumbrall,Female,https://robohash.org/quibusdameiusfacilis.png?size=50x50&set=set1
Trueman,Feehan,Male,https://robohash.org/aliasquiet.bmp?size=50x50&set=set1
Craggie,Brocklehurst,Male,https://robohash.org/doloremlaudantiumsequi.bmp?size=50x50&set=set1
Katerine,MacArdle,Female,https://robohash.org/autquiaest.png?size=50x50&set=set1
Cirilo,Knifton,Male,https://robohash.org/culpacumquein.jpg?size=50x50&set=set1
Gerry,Zannelli,Male,https://robohash.org/iureautemtempore.png?size=50x50&set=set1
Terry,Bertl,Female,https://robohash.org/nequeaperiamsaepe.jpg?size=50x50&set=set1
Hale,Betun,Male,https://robohash.org/mollitiaconsequaturperferendis.bmp?size=50x50&set=set1
Martina,Arnett,Female,https://robohash.org/quaeratvelquasi.png?size=50x50&set=set1
Staford,Goss,Male,https://robohash.org/nihilhicenim.bmp?size=50x50&set=set1
Darelle,Doud,Female,https://robohash.org/nampraesentiummolestias.png?size=50x50&set=set1
Jordain,Ventum,Female,https://robohash.org/veromollitiaquasi.bmp?size=50x50&set=set1
Deva,Hayes,Female,https://robohash.org/nihilcumqueneque.png?size=50x50&set=set1
Guillermo,Wrightson,Male,https://robohash.org/autblanditiisillo.jpg?size=50x50&set=set1
Bo,Veare,Male,https://robohash.org/nostrumeosnesciunt.bmp?size=50x50&set=set1
Quintina,Meran,Female,https://robohash.org/quidemsintmaxime.jpg?size=50x50&set=set1
Sascha,Sancias,Female,https://robohash.org/rerumquiarepudiandae.jpg?size=50x50&set=set1
Irma,Remirez,Female,https://robohash.org/commodivelminima.jpg?size=50x50&set=set1
Reider,Venard,Male,https://robohash.org/rerumautemdolore.jpg?size=50x50&set=set1
Manon,Wycliff,Female,https://robohash.org/totamdictarem.png?size=50x50&set=set1
Katleen,Bollom,Female,https://robohash.org/inventoresapientenemo.jpg?size=50x50&set=set1
Ange,Ramsier,Female,https://robohash.org/reiciendisautemlabore.bmp?size=50x50&set=set1
Jennee,Peppard,Female,https://robohash.org/utnecessitatibusiste.bmp?size=50x50&set=set1
Tansy,Bratty,Female,https://robohash.org/eaquiaerror.png?size=50x50&set=set1
Nixie,Seligson,Female,https://robohash.org/voluptatemmolestiasmaxime.jpg?size=50x50&set=set1
Keen,Henrie,Male,https://robohash.org/nihileumfacilis.jpg?size=50x50&set=set1
Glynis,Willcocks,Female,https://robohash.org/autcorporissint.jpg?size=50x50&set=set1
Lotty,Fishburn,Female,https://robohash.org/idetdicta.bmp?size=50x50&set=set1
Chrotoem,Flippini,Male,https://robohash.org/autliberonisi.png?size=50x50&set=set1
Germana,Lightwing,Female,https://robohash.org/remmollitiaaccusamus.jpg?size=50x50&set=set1
Curran,Denisovo,Male,https://robohash.org/dolorquidemillum.png?size=50x50&set=set1
Emerson,Honnicott,Male,https://robohash.org/estaspernaturvero.png?size=50x50&set=set1
Knox,Statham,Male,https://robohash.org/aperiamvoluptateexcepturi.jpg?size=50x50&set=set1
Vincent,Abramsky,Male,https://robohash.org/voluptatibusassumendaqui.png?size=50x50&set=set1
Torey,Domotor,Female,https://robohash.org/teneturvoluptatibusassumenda.bmp?size=50x50&set=set1
Nestor,Silveston,Male,https://robohash.org/rerumetsit.bmp?size=50x50&set=set1
Mercie,Blackman,Female,https://robohash.org/voluptateseanatus.bmp?size=50x50&set=set1
Annalise,Fripp,Female,https://robohash.org/utcommodiipsa.png?size=50x50&set=set1
Delano,Bamling,Male,https://robohash.org/eumdolorofficia.bmp?size=50x50&set=set1
Zeke,Canlin,Male,https://robohash.org/sintmagniperspiciatis.bmp?size=50x50&set=set1
Anthia,Laying,Female,https://robohash.org/utetquaerat.bmp?size=50x50&set=set1
Ardenia,Capstack,Female,https://robohash.org/namaliquamarchitecto.jpg?size=50x50&set=set1
Aloisia,Ramble,Female,https://robohash.org/molestiaeveritatiset.png?size=50x50&set=set1
Donnell,Veale,Male,https://robohash.org/fugaplaceatcorrupti.jpg?size=50x50&set=set1
Kristo,Tamburo,Male,https://robohash.org/culpaetdolores.jpg?size=50x50&set=set1
Ruddie,Grewer,Male,https://robohash.org/itaquecumquevoluptate.png?size=50x50&set=set1
Joseito,Youell,Male,https://robohash.org/doloremqueoccaecatiid.jpg?size=50x50&set=set1
Marianna,Mapson,Female,https://robohash.org/quaesitest.jpg?size=50x50&set=set1
Ania,Kosel,Female,https://robohash.org/estrationemaxime.jpg?size=50x50&set=set1
Quinta,Younie,Female,https://robohash.org/accusamussolutaquia.png?size=50x50&set=set1
Maud,Dufton,Female,https://robohash.org/quifugitnostrum.png?size=50x50&set=set1
Liva,Tesyro,Female,https://robohash.org/iustonecessitatibusdoloribus.bmp?size=50x50&set=set1
Candi,Paulazzi,Female,https://robohash.org/voluptasnequeaperiam.bmp?size=50x50&set=set1
Sheff,Leydon,Male,https://robohash.org/etquamunde.jpg?size=50x50&set=set1
Benedetto,Deerr,Male,https://robohash.org/quiquisunt.png?size=50x50&set=set1
Fanchette,Habbeshaw,Female,https://robohash.org/quamestconsequatur.bmp?size=50x50&set=set1
Nerta,Arington,Female,https://robohash.org/estdolorerepellendus.bmp?size=50x50&set=set1
Herrick,Olliver,Male,https://robohash.org/eiusnumquamet.png?size=50x50&set=set1
Corri,Alben,Female,https://robohash.org/incidunteumsaepe.jpg?size=50x50&set=set1
Cobbie,Tie,Male,https://robohash.org/utdeseruntfugiat.jpg?size=50x50&set=set1
Orson,Hawkshaw,Male,https://robohash.org/dolorespossimusrepudiandae.jpg?size=50x50&set=set1
Tatiana,Witul,Female,https://robohash.org/consequaturenimet.png?size=50x50&set=set1
Skell,Sherer,Male,https://robohash.org/modiabeius.png?size=50x50&set=set1
Angel,Leipoldt,Male,https://robohash.org/nonnostrumquae.png?size=50x50&set=set1
Margalo,Hymus,Female,https://robohash.org/inventorerepellendusadipisci.bmp?size=50x50&set=set1
Averyl,Kermath,Female,https://robohash.org/autvoluptatequi.png?size=50x50&set=set1
Nady,Acosta,Female,https://robohash.org/voluptatemetvoluptatem.bmp?size=50x50&set=set1
Merell,Rao,Male,https://robohash.org/faciliseahic.bmp?size=50x50&set=set1
Leanor,Yanov,Female,https://robohash.org/voluptasquiut.png?size=50x50&set=set1
Martynne,Ratcliffe,Female,https://robohash.org/estdoloremquequos.bmp?size=50x50&set=set1
Danica,Fache,Female,https://robohash.org/eligendiutipsam.png?size=50x50&set=set1
Andris,Krinks,Male,https://robohash.org/abvoluptatemvoluptas.png?size=50x50&set=set1
Hinze,Staner,Male,https://robohash.org/necessitatibusatquequi.bmp?size=50x50&set=set1
Nanette,Shackelton,Female,https://robohash.org/sedrepudiandaeducimus.bmp?size=50x50&set=set1
Thedrick,Heaseman,Male,https://robohash.org/autemnonpraesentium.jpg?size=50x50&set=set1
Euell,Cushelly,Male,https://robohash.org/natusvoluptatemrerum.bmp?size=50x50&set=set1
Nikki,Anstis,Male,https://robohash.org/remadipisciquae.bmp?size=50x50&set=set1
Janka,Bertholin,Female,https://robohash.org/quiculpaat.png?size=50x50&set=set1
Claudelle,Roloff,Female,https://robohash.org/dolorumaccusamusaut.jpg?size=50x50&set=set1
Conway,Tomek,Male,https://robohash.org/cupiditateidlaborum.bmp?size=50x50&set=set1
Donnie,Schenfisch,Female,https://robohash.org/aliquamnonex.png?size=50x50&set=set1
Fletch,Gouldie,Male,https://robohash.org/aliquamipsamautem.bmp?size=50x50&set=set1
Gallagher,Spikeings,Male,https://robohash.org/ipsamreprehenderitpraesentium.bmp?size=50x50&set=set1
Debi,Grube,Female,https://robohash.org/sintnumquamconsectetur.jpg?size=50x50&set=set1
Gerti,Hassekl,Female,https://robohash.org/temporaestlabore.jpg?size=50x50&set=set1
Sarene,Pitkethly,Female,https://robohash.org/repudiandaefugitenim.png?size=50x50&set=set1
Filmer,Banstead,Male,https://robohash.org/temporibusrepellatconsectetur.png?size=50x50&set=set1
Les,Witts,Male,https://robohash.org/nesciuntquaeratbeatae.jpg?size=50x50&set=set1
Isabelita,Currum,Female,https://robohash.org/iustoconsequaturnemo.bmp?size=50x50&set=set1
Pebrook,Lowles,Male,https://robohash.org/numquamenimblanditiis.png?size=50x50&set=set1
Cam,Burdas,Female,https://robohash.org/ametperspiciatisoptio.jpg?size=50x50&set=set1
Nappy,Gorger,Male,https://robohash.org/repellendustotamperspiciatis.bmp?size=50x50&set=set1
Reinhard,Todarini,Male,https://robohash.org/consequaturquosad.jpg?size=50x50&set=set1
Shannah,Swidenbank,Female,https://robohash.org/voluptatequismaxime.png?size=50x50&set=set1
Ellery,Turbern,Male,https://robohash.org/perferendisquaeratet.png?size=50x50&set=set1
Sib,Cohan,Female,https://robohash.org/delenitiestculpa.jpg?size=50x50&set=set1
Maudie,Scardifield,Female,https://robohash.org/doloribusquidignissimos.jpg?size=50x50&set=set1
Klaus,Currie,Male,https://robohash.org/omnismaximeunde.jpg?size=50x50&set=set1
Onfre,Cuddehy,Male,https://robohash.org/faceredolorumin.bmp?size=50x50&set=set1
Clem,Itzkov,Female,https://robohash.org/errorutvelit.png?size=50x50&set=set1
Erhart,Fitzsimon,Male,https://robohash.org/sedetexplicabo.bmp?size=50x50&set=set1
Emera,Eccleshall,Female,https://robohash.org/etquasiquod.bmp?size=50x50&set=set1
Benjie,Southon,Male,https://robohash.org/reiciendisporromaiores.bmp?size=50x50&set=set1
Donnell,Frangleton,Male,https://robohash.org/pariatureoset.bmp?size=50x50&set=set1
Jori,Dingwall,Female,https://robohash.org/atsequilaudantium.jpg?size=50x50&set=set1
Henrietta,Pendered,Female,https://robohash.org/fugaetassumenda.jpg?size=50x50&set=set1
Valentia,Clewer,Female,https://robohash.org/rerumsuntfacilis.bmp?size=50x50&set=set1
Mufi,Burnside,Female,https://robohash.org/nonquamenim.png?size=50x50&set=set1
Jeniece,Marfe,Female,https://robohash.org/nemoesselabore.bmp?size=50x50&set=set1
Moss,Hayer,Male,https://robohash.org/debitisdictavoluptatem.bmp?size=50x50&set=set1
Bryna,Went,Female,https://robohash.org/accusantiumaspernaturut.png?size=50x50&set=set1
Antonetta,Ingerman,Female,https://robohash.org/adsuntnumquam.bmp?size=50x50&set=set1
Ado,Bladon,Male,https://robohash.org/officiisquienim.png?size=50x50&set=set1
Martina,Maskell,Female,https://robohash.org/excepturisediusto.jpg?size=50x50&set=set1
Waring,Dimond,Male,https://robohash.org/ameteaaut.png?size=50x50&set=set1
Devland,Filpi,Male,https://robohash.org/cupiditateaccusamuseum.bmp?size=50x50&set=set1
Florrie,Mullarkey,Female,https://robohash.org/fugamagnamquis.bmp?size=50x50&set=set1
Orsa,Kleinhaus,Female,https://robohash.org/molestiasvitaemolestiae.jpg?size=50x50&set=set1
Gabby,MacTerrelly,Male,https://robohash.org/eavoluptatumsoluta.bmp?size=50x50&set=set1
Etan,Simonyi,Male,https://robohash.org/dictamaiorestempore.bmp?size=50x50&set=set1
Fifi,Thurborn,Female,https://robohash.org/sinttotamnisi.jpg?size=50x50&set=set1
Patten,De L'Isle,Male,https://robohash.org/sitomnisconsequatur.jpg?size=50x50&set=set1
Barron,Gregoretti,Male,https://robohash.org/etfugaex.bmp?size=50x50&set=set1
Quint,Deary,Male,https://robohash.org/errorreiciendislaborum.bmp?size=50x50&set=set1
Vasilis,Ugolotti,Male,https://robohash.org/aututvoluptatem.png?size=50x50&set=set1
Clementine,Philbrook,Female,https://robohash.org/exeosnam.bmp?size=50x50&set=set1
Sandy,Syme,Male,https://robohash.org/animivoluptatemomnis.bmp?size=50x50&set=set1
Burk,Bickley,Male,https://robohash.org/atquirepudiandae.jpg?size=50x50&set=set1
Thain,Telling,Male,https://robohash.org/veliteiusveritatis.jpg?size=50x50&set=set1
Kyle,Mawne,Female,https://robohash.org/illovelrepudiandae.bmp?size=50x50&set=set1
Raynor,Chrishop,Male,https://robohash.org/rerumnihilnulla.png?size=50x50&set=set1
Charisse,Heathcoat,Female,https://robohash.org/etetpariatur.png?size=50x50&set=set1
Lorne,Pilsworth,Female,https://robohash.org/voluptatemremrerum.bmp?size=50x50&set=set1
Trixy,Wallington,Female,https://robohash.org/uteumaccusantium.bmp?size=50x50&set=set1
Denny,Levicount,Male,https://robohash.org/voluptatibusfacilisbeatae.bmp?size=50x50&set=set1
Courtenay,Hackin,Female,https://robohash.org/minusdebitislaudantium.bmp?size=50x50&set=set1
Byrann,Peploe,Male,https://robohash.org/repellendusaliquida.png?size=50x50&set=set1
Dru,Peeke,Female,https://robohash.org/sedeumaccusantium.bmp?size=50x50&set=set1
Tan,Seaking,Male,https://robohash.org/doloremquidemimpedit.png?size=50x50&set=set1
Joey,Pomfrett,Male,https://robohash.org/consequaturnisiin.png?size=50x50&set=set1
Edita,Pedler,Female,https://robohash.org/autnihilquis.bmp?size=50x50&set=set1
Thomasin,Tunnoch,Female,https://robohash.org/doloresodita.jpg?size=50x50&set=set1
Jessee,Ceci,Male,https://robohash.org/consequunturreiciendislibero.png?size=50x50&set=set1
Creight,Auchinleck,Male,https://robohash.org/estenimvitae.bmp?size=50x50&set=set1
Ron,Escritt,Male,https://robohash.org/dignissimosfacilisodit.png?size=50x50&set=set1
Kanya,Gwyn,Female,https://robohash.org/expeditaharumesse.bmp?size=50x50&set=set1
Cobb,Lathleiffure,Male,https://robohash.org/accusamussimiliquequi.jpg?size=50x50&set=set1
Jaine,Chalder,Female,https://robohash.org/sequimolestiassaepe.jpg?size=50x50&set=set1
Darrell,Emmer,Male,https://robohash.org/inciduntevenietconsequatur.bmp?size=50x50&set=set1
Lelah,McAdam,Female,https://robohash.org/evenietquideserunt.bmp?size=50x50&set=set1
Trixie,Whaley,Female,https://robohash.org/molestiaelaboriosamculpa.jpg?size=50x50&set=set1
Mahmud,Robinet,Male,https://robohash.org/quiaautnatus.jpg?size=50x50&set=set1
Meredeth,Birdall,Male,https://robohash.org/quasiprovidentalias.bmp?size=50x50&set=set1
Ernesto,Doy,Male,https://robohash.org/quiaexcepturiqui.bmp?size=50x50&set=set1
Calla,Dunleavy,Female,https://robohash.org/aliquamminusest.png?size=50x50&set=set1
Mikey,Iacobacci,Male,https://robohash.org/sedsuntvoluptatum.png?size=50x50&set=set1
Sarge,Reeday,Male,https://robohash.org/nihilquosdeserunt.png?size=50x50&set=set1
Noah,Bilverstone,Male,https://robohash.org/nemoiureveniam.jpg?size=50x50&set=set1
Alisha,Schrei,Female,https://robohash.org/asperioresomnismagnam.jpg?size=50x50&set=set1
Hallie,Tracy,Female,https://robohash.org/atquemagniet.jpg?size=50x50&set=set1
Star,Popple,Female,https://robohash.org/rerumquibusdamtempore.bmp?size=50x50&set=set1
Fey,Swyndley,Female,https://robohash.org/asuntiste.png?size=50x50&set=set1
Andie,Pankhurst.,Female,https://robohash.org/iddoloreodio.png?size=50x50&set=set1
Killie,Gothliff,Male,https://robohash.org/quodvoluptatemsint.bmp?size=50x50&set=set1
Hirsch,Willey,Male,https://robohash.org/possimusveroest.jpg?size=50x50&set=set1
Ralph,Dwire,Male,https://robohash.org/etidsit.png?size=50x50&set=set1
Philippa,Favell,Female,https://robohash.org/inventorevoluptatessunt.png?size=50x50&set=set1
Cassy,Dovidaitis,Female,https://robohash.org/suntvoluptatemet.jpg?size=50x50&set=set1
Charlean,Rutigliano,Female,https://robohash.org/indoloremlaudantium.bmp?size=50x50&set=set1
Kerwin,Dehn,Male,https://robohash.org/itaqueperferendisquae.png?size=50x50&set=set1
Vale,Crunkhurn,Male,https://robohash.org/aliquamautrepellat.png?size=50x50&set=set1
Ferdie,Gethin,Male,https://robohash.org/seditaquea.png?size=50x50&set=set1
Tilda,Boatman,Female,https://robohash.org/exiustoquod.jpg?size=50x50&set=set1
Monro,Vigors,Male,https://robohash.org/assumendaeoshic.bmp?size=50x50&set=set1
Sher,Blenkensop,Female,https://robohash.org/aliasexpeditanumquam.png?size=50x50&set=set1
Allina,Postlethwaite,Female,https://robohash.org/ametquosuscipit.png?size=50x50&set=set1
Sherlock,Bolsteridge,Male,https://robohash.org/enimtemporibuslaboriosam.png?size=50x50&set=set1
Sanders,Rambadt,Male,https://robohash.org/voluptatemestest.jpg?size=50x50&set=set1
Michaella,Whittington,Female,https://robohash.org/cumqueadipisciad.jpg?size=50x50&set=set1
Niles,Salvatore,Male,https://robohash.org/suscipitnesciuntquidem.jpg?size=50x50&set=set1
Martynne,Khan,Female,https://robohash.org/aliquiddolorempariatur.bmp?size=50x50&set=set1
Parker,Bertl,Male,https://robohash.org/utconsequaturalias.bmp?size=50x50&set=set1
Eran,Hazelby,Female,https://robohash.org/sintillummodi.jpg?size=50x50&set=set1
Bobinette,Gabriely,Female,https://robohash.org/doloremquereiciendisqui.jpg?size=50x50&set=set1
Pren,Lampen,Male,https://robohash.org/quibusdamfugitsaepe.bmp?size=50x50&set=set1
Burgess,Banasevich,Male,https://robohash.org/quibusdamdolorinventore.bmp?size=50x50&set=set1
Karlotte,Creavin,Female,https://robohash.org/explicabosequinostrum.png?size=50x50&set=set1
Ronnica,Haken,Female,https://robohash.org/commodidoloreconsequuntur.jpg?size=50x50&set=set1
Victoir,Wilflinger,Male,https://robohash.org/nesciuntoditpraesentium.png?size=50x50&set=set1
Arlinda,MacDonald,Female,https://robohash.org/quoetrerum.bmp?size=50x50&set=set1
Hadrian,Fyfe,Male,https://robohash.org/voluptatemquisconsequatur.png?size=50x50&set=set1
Nata,Clayal,Female,https://robohash.org/fugiatsapientevoluptatem.jpg?size=50x50&set=set1
Fleur,Whybray,Female,https://robohash.org/laudantiumestaperiam.png?size=50x50&set=set1
Paulie,Trundler,Male,https://robohash.org/natuscorporisquidem.png?size=50x50&set=set1
Binnie,Deeny,Female,https://robohash.org/abdolorumvel.jpg?size=50x50&set=set1
Nita,Sharphurst,Female,https://robohash.org/sintautconsequatur.jpg?size=50x50&set=set1
Juliana,Amiranda,Female,https://robohash.org/utsitquas.jpg?size=50x50&set=set1
Billy,Hrycek,Female,https://robohash.org/voluptasquiased.png?size=50x50&set=set1
Ginnifer,Kemery,Female,https://robohash.org/abimpeditillum.bmp?size=50x50&set=set1
Hiram,Alforde,Male,https://robohash.org/aliasateaque.png?size=50x50&set=set1
Giffard,Iohananof,Male,https://robohash.org/undefugavel.png?size=50x50&set=set1
Ninnette,Adshede,Female,https://robohash.org/magniistenon.jpg?size=50x50&set=set1
Halsy,Amorts,Male,https://robohash.org/quoenimillo.png?size=50x50&set=set1
Sansone,Rouchy,Male,https://robohash.org/autitaquenatus.bmp?size=50x50&set=set1
Dmitri,Holworth,Male,https://robohash.org/quaeevenietvoluptatibus.bmp?size=50x50&set=set1
Ezechiel,Ennever,Male,https://robohash.org/excumquisquam.bmp?size=50x50&set=set1
Wait,Phippin,Male,https://robohash.org/modifugiatoptio.jpg?size=50x50&set=set1
Reagan,Goodhay,Male,https://robohash.org/aliasavoluptatem.png?size=50x50&set=set1
Tan,MacMearty,Male,https://robohash.org/cumquenecessitatibusdoloremque.png?size=50x50&set=set1
Barbara-anne,Ferrettini,Female,https://robohash.org/dolorestemporibusnesciunt.png?size=50x50&set=set1
Steven,Wiffill,Male,https://robohash.org/laborevoluptateset.bmp?size=50x50&set=set1
Dalli,Quittonden,Male,https://robohash.org/voluptatemdoloremqueaut.bmp?size=50x50&set=set1
Ree,Blasli,Female,https://robohash.org/uteiusaut.bmp?size=50x50&set=set1
Giselbert,Pischel,Male,https://robohash.org/suntnumquamperspiciatis.jpg?size=50x50&set=set1
North,Etienne,Male,https://robohash.org/consecteturasperioresminima.jpg?size=50x50&set=set1
Wynn,Sherrock,Female,https://robohash.org/quiquaenon.bmp?size=50x50&set=set1
Jasmin,Sedcole,Female,https://robohash.org/cupiditateevenietsit.png?size=50x50&set=set1
Zondra,Waite,Female,https://robohash.org/recusandaepraesentiumrerum.png?size=50x50&set=set1
Kim,Gozzett,Male,https://robohash.org/providentdelectussed.jpg?size=50x50&set=set1
Garik,Halfhyde,Male,https://robohash.org/adelenititenetur.png?size=50x50&set=set1
Fabe,Strippel,Male,https://robohash.org/atqueconsequunturpraesentium.png?size=50x50&set=set1
Stu,Glenwright,Male,https://robohash.org/voluptatibusisteexpedita.jpg?size=50x50&set=set1
Florance,Suarez,Female,https://robohash.org/inventorevelitcum.jpg?size=50x50&set=set1
Desdemona,Digan,Female,https://robohash.org/inciduntnullasit.bmp?size=50x50&set=set1
Gar,Rantoull,Male,https://robohash.org/laudantiumnatusat.jpg?size=50x50&set=set1
Kleon,Willett,Male,https://robohash.org/voluptatemminusveritatis.bmp?size=50x50&set=set1
Nola,Ipwell,Female,https://robohash.org/ipsaetconsequatur.bmp?size=50x50&set=set1
Orelie,Glendza,Female,https://robohash.org/etminusab.bmp?size=50x50&set=set1
Livvyy,McGurk,Female,https://robohash.org/delenitisintquia.jpg?size=50x50&set=set1
Fenelia,Bosket,Female,https://robohash.org/excepturicorruptiet.bmp?size=50x50&set=set1
Ellissa,MacMeanma,Female,https://robohash.org/corporissapientelaborum.jpg?size=50x50&set=set1
Teador,Mackneis,Male,https://robohash.org/utidomnis.png?size=50x50&set=set1
Ginny,Emerine,Female,https://robohash.org/fugiatodiovero.bmp?size=50x50&set=set1
Berny,Elphee,Female,https://robohash.org/ducimusvoluptaseum.png?size=50x50&set=set1
Flory,Geck,Female,https://robohash.org/iustoaliascorporis.jpg?size=50x50&set=set1
Dory,Eyer,Male,https://robohash.org/earumteneturmodi.png?size=50x50&set=set1
Merry,Kitchinghan,Male,https://robohash.org/temporarerumneque.bmp?size=50x50&set=set1
Berty,Oldall,Female,https://robohash.org/sedculpaipsa.png?size=50x50&set=set1
Mort,Dewhurst,Male,https://robohash.org/harumlaudantiumvelit.png?size=50x50&set=set1
Euell,Blackly,Male,https://robohash.org/rerumquisut.bmp?size=50x50&set=set1
Jilli,Armatidge,Female,https://robohash.org/assumendautmolestias.jpg?size=50x50&set=set1
Vale,Seefeldt,Female,https://robohash.org/esseidaliquid.bmp?size=50x50&set=set1
Keelby,Litterick,Male,https://robohash.org/distinctiolaudantiumatque.jpg?size=50x50&set=set1
Augusto,Gosnay,Male,https://robohash.org/autemnequeexcepturi.bmp?size=50x50&set=set1
Ellwood,Gillings,Male,https://robohash.org/atcumvel.jpg?size=50x50&set=set1
Conrade,Hasser,Male,https://robohash.org/culpaminimaquisquam.png?size=50x50&set=set1
Camila,Loughlan,Female,https://robohash.org/animiveritatisvoluptatibus.jpg?size=50x50&set=set1
Gwen,Greaves,Female,https://robohash.org/quofugitrecusandae.jpg?size=50x50&set=set1
Bethany,Brewerton,Female,https://robohash.org/corporisaliquamvoluptates.png?size=50x50&set=set1
Patton,Risbrough,Male,https://robohash.org/etvelitipsam.png?size=50x50&set=set1
Jonathon,Beidebeke,Male,https://robohash.org/illumaliasnon.png?size=50x50&set=set1
Durant,Catcherside,Male,https://robohash.org/cumtemporaquod.bmp?size=50x50&set=set1
Becky,Mandre,Female,https://robohash.org/voluptasessequo.png?size=50x50&set=set1
Royce,Soldan,Male,https://robohash.org/accusantiumexmodi.jpg?size=50x50&set=set1
Timothy,Fist,Male,https://robohash.org/quivitaedoloribus.bmp?size=50x50&set=set1
Clarissa,Dance,Female,https://robohash.org/iureinest.bmp?size=50x50&set=set1
Kaye,Anthoine,Female,https://robohash.org/ducimusdebitistempora.jpg?size=50x50&set=set1
Bartlet,Narramor,Male,https://robohash.org/quisquamerrorsimilique.bmp?size=50x50&set=set1
Newton,McGuinness,Male,https://robohash.org/laudantiumsolutaea.png?size=50x50&set=set1
Erroll,Lammers,Male,https://robohash.org/aperiametducimus.bmp?size=50x50&set=set1
Yorke,Celez,Male,https://robohash.org/quiaharumquae.png?size=50x50&set=set1
Franky,Harte,Male,https://robohash.org/quiavoluptateshic.bmp?size=50x50&set=set1
Karee,Jeremiah,Female,https://robohash.org/doloremprovidentimpedit.png?size=50x50&set=set1
Janeczka,Payler,Female,https://robohash.org/itaqueconsequatursit.png?size=50x50&set=set1
Giles,Williment,Male,https://robohash.org/delenitiiustosunt.png?size=50x50&set=set1
Issi,Hayland,Female,https://robohash.org/idnequefacere.png?size=50x50&set=set1
Samuele,Aaronson,Male,https://robohash.org/explicaboutnisi.jpg?size=50x50&set=set1
Julie,Pannaman,Female,https://robohash.org/etnostrumet.png?size=50x50&set=set1
Klement,Curzey,Male,https://robohash.org/perspiciatisdoloresvoluptatum.bmp?size=50x50&set=set1
Cyrille,Boner,Male,https://robohash.org/necessitatibusvoluptatemeligendi.png?size=50x50&set=set1
Jarvis,MacLachlan,Male,https://robohash.org/estpariaturtempore.png?size=50x50&set=set1
Bridgette,Angier,Female,https://robohash.org/esseearumut.jpg?size=50x50&set=set1
Addie,Biswell,Female,https://robohash.org/etatquerem.jpg?size=50x50&set=set1
Lucilia,Pringle,Female,https://robohash.org/consequaturidaccusamus.jpg?size=50x50&set=set1
Rebekkah,Yansons,Female,https://robohash.org/aliassintillum.jpg?size=50x50&set=set1
Armin,Barkshire,Male,https://robohash.org/esterrorquis.png?size=50x50&set=set1
Alvera,Vile,Female,https://robohash.org/recusandaesedexcepturi.bmp?size=50x50&set=set1
Lindie,Ferrillo,Female,https://robohash.org/nesciuntundeut.jpg?size=50x50&set=set1
Wolf,Aloigi,Male,https://robohash.org/doloribusetmolestiae.png?size=50x50&set=set1
Jannel,Titmuss,Female,https://robohash.org/aspernaturconsequaturea.bmp?size=50x50&set=set1
Renaud,Esposi,Male,https://robohash.org/nonestvoluptatem.jpg?size=50x50&set=set1
Davide,Cammiemile,Male,https://robohash.org/estsuntharum.png?size=50x50&set=set1
Harmonia,McKue,Female,https://robohash.org/voluptatemcorporisinventore.jpg?size=50x50&set=set1
Arch,Wakefield,Male,https://robohash.org/suntetqui.png?size=50x50&set=set1
Ninnetta,Skea,Female,https://robohash.org/estautut.bmp?size=50x50&set=set1
Rolando,Burg,Male,https://robohash.org/uterrorsed.bmp?size=50x50&set=set1
Maye,Shortall,Female,https://robohash.org/nemoeumquas.jpg?size=50x50&set=set1
Woodie,Boulsher,Male,https://robohash.org/solutadolorarchitecto.png?size=50x50&set=set1
Towny,Alexandrou,Male,https://robohash.org/doloremexpeditaenim.bmp?size=50x50&set=set1
Cal,Beardmore,Female,https://robohash.org/distinctiorationeeius.bmp?size=50x50&set=set1
Lynelle,Sleney,Female,https://robohash.org/abtemporaaut.bmp?size=50x50&set=set1
Isabeau,Geeve,Female,https://robohash.org/etomnisrepudiandae.png?size=50x50&set=set1
Bernadette,Margach,Female,https://robohash.org/eteosreprehenderit.png?size=50x50&set=set1
Etan,Enrrico,Male,https://robohash.org/officiailloomnis.bmp?size=50x50&set=set1
Sawyere,Whieldon,Male,https://robohash.org/ullamquidemsit.jpg?size=50x50&set=set1
Valery,Plain,Female,https://robohash.org/illumreiciendisnumquam.bmp?size=50x50&set=set1
Ferd,Godridge,Male,https://robohash.org/quasnesciuntducimus.png?size=50x50&set=set1
Dav,Macallam,Male,https://robohash.org/earumiureest.png?size=50x50&set=set1
Appolonia,Toombs,Female,https://robohash.org/voluptateminventoretemporibus.jpg?size=50x50&set=set1
Lucila,Sessions,Female,https://robohash.org/facereautemipsam.png?size=50x50&set=set1
Joice,Bendelow,Female,https://robohash.org/distinctiooditnesciunt.png?size=50x50&set=set1
Brittan,Ebanks,Female,https://robohash.org/omnisametvoluptatum.png?size=50x50&set=set1
Bay,Orrill,Male,https://robohash.org/etquiexcepturi.bmp?size=50x50&set=set1
Isidor,Jancic,Male,https://robohash.org/voluptasminimanumquam.bmp?size=50x50&set=set1
Cullen,Capron,Male,https://robohash.org/optioestquo.bmp?size=50x50&set=set1
Evie,Dick,Female,https://robohash.org/utquoset.bmp?size=50x50&set=set1
Florenza,Pitney,Female,https://robohash.org/adquibusdamin.bmp?size=50x50&set=set1
Wilfrid,Melmeth,Male,https://robohash.org/ipsadictain.jpg?size=50x50&set=set1
Archambault,Wysome,Male,https://robohash.org/expeditaipsamipsa.png?size=50x50&set=set1
Brandice,Eilhertsen,Female,https://robohash.org/culpanoneum.png?size=50x50&set=set1
Titos,Duffell,Male,https://robohash.org/estutquo.bmp?size=50x50&set=set1
Roz,Crudge,Female,https://robohash.org/nihilverodolores.bmp?size=50x50&set=set1
Adelina,Astles,Female,https://robohash.org/essevoluptasfugiat.bmp?size=50x50&set=set1
Vita,Philippart,Female,https://robohash.org/modirepellendusvoluptatibus.jpg?size=50x50&set=set1
Chane,Yuryatin,Male,https://robohash.org/quamautconsequatur.jpg?size=50x50&set=set1
Andrus,Burstowe,Male,https://robohash.org/etreiciendisaut.bmp?size=50x50&set=set1
Sam,Catling,Male,https://robohash.org/repellendusinciduntprovident.bmp?size=50x50&set=set1
Lilian,McIlwraith,Female,https://robohash.org/estmollitiaet.jpg?size=50x50&set=set1
Marilin,Adolf,Female,https://robohash.org/fugitsitnobis.png?size=50x50&set=set1
Lonnie,Endrighi,Female,https://robohash.org/aliquidsedsoluta.png?size=50x50&set=set1
Estrella,Cheves,Female,https://robohash.org/sunterrorut.jpg?size=50x50&set=set1
Orson,Kleinlerer,Male,https://robohash.org/autveniamet.jpg?size=50x50&set=set1
Johnath,Kisby,Female,https://robohash.org/velipsamsint.png?size=50x50&set=set1
Samson,Minot,Male,https://robohash.org/velitminimaveniam.jpg?size=50x50&set=set1
Hollyanne,Stemson,Female,https://robohash.org/quisquamconsequaturipsum.jpg?size=50x50&set=set1
Jourdain,Piper,Male,https://robohash.org/doloromnismagnam.png?size=50x50&set=set1
Marcello,Brinson,Male,https://robohash.org/quoquiasint.png?size=50x50&set=set1
Trevor,Fresson,Male,https://robohash.org/accusamusquiadistinctio.bmp?size=50x50&set=set1
Ryun,Godbehere,Male,https://robohash.org/anostrumautem.png?size=50x50&set=set1
Catha,McGarvie,Female,https://robohash.org/repellendusquisdolore.bmp?size=50x50&set=set1
Neilla,Mealiffe,Female,https://robohash.org/estametet.bmp?size=50x50&set=set1
Lucas,Paulus,Male,https://robohash.org/eligendivelitnon.png?size=50x50&set=set1
Benedetto,Pes,Male,https://robohash.org/quicupiditatenon.bmp?size=50x50&set=set1
Perry,Riddiough,Male,https://robohash.org/nostrumvoluptasut.bmp?size=50x50&set=set1
Thibaud,Lancett,Male,https://robohash.org/voluptatequisint.png?size=50x50&set=set1
Israel,Paylie,Male,https://robohash.org/velitsapientesit.jpg?size=50x50&set=set1
Rossie,Hemshall,Male,https://robohash.org/quidemtemporibuslaborum.jpg?size=50x50&set=set1
Kiri,Camber,Female,https://robohash.org/eumanimimaxime.png?size=50x50&set=set1
Rosemary,Copelli,Female,https://robohash.org/adipiscirepudiandaeet.png?size=50x50&set=set1
Alie,McAuley,Female,https://robohash.org/voluptatibusasperioresimpedit.bmp?size=50x50&set=set1
Raquel,Butcher,Female,https://robohash.org/assumendaremculpa.bmp?size=50x50&set=set1
Chicky,Feben,Male,https://robohash.org/namlaborevoluptates.bmp?size=50x50&set=set1
Morie,Matschoss,Male,https://robohash.org/deleniticupiditateeveniet.bmp?size=50x50&set=set1
Burk,Nancekivell,Male,https://robohash.org/mollitiaestquo.jpg?size=50x50&set=set1
Glennis,Parsonage,Female,https://robohash.org/voluptatemvoluptatemet.png?size=50x50&set=set1
Lilian,Skermer,Female,https://robohash.org/temporacommodidolor.bmp?size=50x50&set=set1
Dani,Pattullo,Female,https://robohash.org/animitotamnisi.jpg?size=50x50&set=set1
Violet,Pallesen,Female,https://robohash.org/voluptatetemporibusinventore.bmp?size=50x50&set=set1
Rana,MacKnockiter,Female,https://robohash.org/autemquaeiusto.png?size=50x50&set=set1
Bran,Giacomasso,Male,https://robohash.org/accusamusiureet.bmp?size=50x50&set=set1
Candice,Danilovitch,Female,https://robohash.org/quiainciduntadipisci.bmp?size=50x50&set=set1
Sheff,Arendsen,Male,https://robohash.org/omnisaliquidrem.png?size=50x50&set=set1
Stanford,Soltan,Male,https://robohash.org/dignissimosmagninisi.bmp?size=50x50&set=set1
Thatch,Inston,Male,https://robohash.org/nullaasperiorescommodi.bmp?size=50x50&set=set1
Filia,Hodgets,Female,https://robohash.org/namoccaecatifugit.bmp?size=50x50&set=set1
Juline,Ilyasov,Female,https://robohash.org/dolormaximedelectus.bmp?size=50x50&set=set1
Gregor,Bladen,Male,https://robohash.org/dictaquiasit.bmp?size=50x50&set=set1
Rooney,Dumbar,Male,https://robohash.org/officiaenimmodi.bmp?size=50x50&set=set1
Walther,Josskowitz,Male,https://robohash.org/doloremquererumpraesentium.jpg?size=50x50&set=set1
Edvard,Haugg,Male,https://robohash.org/sequiautemnon.jpg?size=50x50&set=set1
Enrique,Caff,Male,https://robohash.org/eteteligendi.jpg?size=50x50&set=set1
Katinka,Jude,Female,https://robohash.org/officiisaccusantiumexcepturi.png?size=50x50&set=set1
Veronika,Verillo,Female,https://robohash.org/voluptatemcumqueeveniet.png?size=50x50&set=set1
Clemmy,Cardello,Male,https://robohash.org/abeosplaceat.bmp?size=50x50&set=set1
Guthry,Wessing,Male,https://robohash.org/cupiditatehicmolestiae.jpg?size=50x50&set=set1
Auberon,Iacoboni,Male,https://robohash.org/sednamaut.png?size=50x50&set=set1
Rahel,Tilmouth,Female,https://robohash.org/dolorumsequiatque.png?size=50x50&set=set1
Dulsea,Rubinsohn,Female,https://robohash.org/doloresplaceatnisi.png?size=50x50&set=set1
Gaby,Sporrij,Female,https://robohash.org/quiquidistinctio.png?size=50x50&set=set1
Traci,Okeshott,Female,https://robohash.org/aliasfugiatblanditiis.bmp?size=50x50&set=set1
Cathleen,Slay,Female,https://robohash.org/laborumoccaecatisuscipit.jpg?size=50x50&set=set1
Marlie,Shufflebotham,Female,https://robohash.org/beataefacilisut.png?size=50x50&set=set1
Brandtr,Da Costa,Male,https://robohash.org/temporeidunde.png?size=50x50&set=set1
Rourke,Egger,Male,https://robohash.org/eosaccusantiumharum.jpg?size=50x50&set=set1
Anson,Abrashkin,Male,https://robohash.org/veronamet.bmp?size=50x50&set=set1
Michaela,Lodewick,Female,https://robohash.org/etrerumaut.jpg?size=50x50&set=set1
Kendre,Elderkin,Female,https://robohash.org/quidemidet.jpg?size=50x50&set=set1
Nathanil,Digweed,Male,https://robohash.org/nesciuntsimiliqueomnis.jpg?size=50x50&set=set1
Grace,Petrov,Male,https://robohash.org/doloreseossed.bmp?size=50x50&set=set1
Desirae,Gasgarth,Female,https://robohash.org/veritatisearummollitia.bmp?size=50x50&set=set1
Selma,Studdard,Female,https://robohash.org/explicaboquosvoluptatum.jpg?size=50x50&set=set1
Devora,Grime,Female,https://robohash.org/autsitratione.bmp?size=50x50&set=set1
Shanon,Durtnell,Female,https://robohash.org/delectuscupiditaterem.png?size=50x50&set=set1
Andros,Maltby,Male,https://robohash.org/velametaliquid.png?size=50x50&set=set1
Elga,Drioli,Female,https://robohash.org/inventoreeligendieaque.bmp?size=50x50&set=set1
Catherin,Foxcroft,Female,https://robohash.org/illummagniprovident.bmp?size=50x50&set=set1
Morie,Wanklin,Male,https://robohash.org/atquesaepeut.jpg?size=50x50&set=set1
Doti,Lamblot,Female,https://robohash.org/etquiaipsum.png?size=50x50&set=set1
Jenilee,Harris,Female,https://robohash.org/aliquiddoloresprovident.png?size=50x50&set=set1
Halimeda,Sturrock,Female,https://robohash.org/eumofficiisminima.bmp?size=50x50&set=set1
Ruthanne,Clampe,Female,https://robohash.org/repudiandaecumaliquam.png?size=50x50&set=set1
Andromache,O'Harney,Female,https://robohash.org/doloriustomagni.jpg?size=50x50&set=set1
Ciro,Plumley,Male,https://robohash.org/doloremmagnamnam.png?size=50x50&set=set1
Jefferson,McPharlain,Male,https://robohash.org/nostrumquasiqui.jpg?size=50x50&set=set1
Tobit,Pleavin,Male,https://robohash.org/consequaturabomnis.png?size=50x50&set=set1
Elnar,Scibsey,Male,https://robohash.org/aliasquisequi.jpg?size=50x50&set=set1
Page,Blackah,Male,https://robohash.org/beataeutat.png?size=50x50&set=set1
Ruby,Gallety,Male,https://robohash.org/quisquimagni.bmp?size=50x50&set=set1
Deedee,Wintle,Female,https://robohash.org/undeetsed.png?size=50x50&set=set1
Martin,Matteini,Male,https://robohash.org/dolorumtemporibusipsa.bmp?size=50x50&set=set1
Riobard,Jaegar,Male,https://robohash.org/corruptiquinatus.png?size=50x50&set=set1
Murdock,Clitsome,Male,https://robohash.org/aliasperspiciatisest.png?size=50x50&set=set1
Augusto,Putterill,Male,https://robohash.org/ipsaquiset.png?size=50x50&set=set1
Neil,Gladyer,Male,https://robohash.org/estquovel.png?size=50x50&set=set1
Marcello,Bulford,Male,https://robohash.org/voluptasetea.bmp?size=50x50&set=set1
Olly,Cleiment,Male,https://robohash.org/reiciendisaperiama.bmp?size=50x50&set=set1
Greer,Nock,Female,https://robohash.org/aquasaccusamus.png?size=50x50&set=set1
Cleavland,Ion,Male,https://robohash.org/veldolorestempora.jpg?size=50x50&set=set1
Justis,Evett,Male,https://robohash.org/undelaboreenim.png?size=50x50&set=set1
Randi,Nunnerley,Female,https://robohash.org/nonodiosunt.bmp?size=50x50&set=set1
Cozmo,Loney,Male,https://robohash.org/delenitimollitiaaut.bmp?size=50x50&set=set1
Ardene,Mc Coughan,Female,https://robohash.org/aliasnihilhic.jpg?size=50x50&set=set1
Yetta,Lukovic,Female,https://robohash.org/ducimusquaeratsed.png?size=50x50&set=set1
Gisella,Morrowe,Female,https://robohash.org/iustoquianimi.jpg?size=50x50&set=set1
Malinda,Druery,Female,https://robohash.org/essefugiatconsequuntur.jpg?size=50x50&set=set1
Cecelia,Synan,Female,https://robohash.org/verocorruptiquisquam.png?size=50x50&set=set1
Chiquia,McKim,Female,https://robohash.org/etnullain.png?size=50x50&set=set1
Inna,Esmond,Female,https://robohash.org/ipsumetunde.jpg?size=50x50&set=set1
Grayce,Cabena,Female,https://robohash.org/atquelaudantiumrem.png?size=50x50&set=set1
Carla,Gogie,Female,https://robohash.org/atqueetconsequatur.png?size=50x50&set=set1
Kaylyn,Challenor,Female,https://robohash.org/veniamquoasperiores.jpg?size=50x50&set=set1
Gwenora,Meni,Female,https://robohash.org/possimusaliaset.png?size=50x50&set=set1
Patton,Ricardot,Male,https://robohash.org/veroofficiaillum.png?size=50x50&set=set1
Carlin,Vicent,Female,https://robohash.org/idutvoluptatem.bmp?size=50x50&set=set1
Rik,Beves,Male,https://robohash.org/quivelmollitia.jpg?size=50x50&set=set1
Florette,Clementucci,Female,https://robohash.org/temporeuta.bmp?size=50x50&set=set1
Gabriello,Pendreigh,Male,https://robohash.org/numquameveniettemporibus.bmp?size=50x50&set=set1
Link,Ferreo,Male,https://robohash.org/deseruntmodiconsequatur.jpg?size=50x50&set=set1
Maria,Kraut,Female,https://robohash.org/dolorsuntaspernatur.bmp?size=50x50&set=set1
Shaw,McConnel,Male,https://robohash.org/asperioresquiqui.png?size=50x50&set=set1
Adelind,McLorinan,Female,https://robohash.org/totamautemofficiis.png?size=50x50&set=set1
Marlin,Barthrop,Male,https://robohash.org/quidemiurequas.png?size=50x50&set=set1
Noella,Assur,Female,https://robohash.org/pariaturlaboreiusto.png?size=50x50&set=set1
Nicolis,Scarce,Male,https://robohash.org/quamipsumquisquam.png?size=50x50&set=set1
Sal,Cuddon,Female,https://robohash.org/insuscipitimpedit.bmp?size=50x50&set=set1
Emmalynne,Woolward,Female,https://robohash.org/quibusdameiusquaerat.bmp?size=50x50&set=set1
Nap,Form,Male,https://robohash.org/itaqueexpeditavoluptas.bmp?size=50x50&set=set1
Ailene,Kestell,Female,https://robohash.org/etaccusamusquaerat.bmp?size=50x50&set=set1
Jeffrey,Ungerer,Male,https://robohash.org/velitessedolorem.bmp?size=50x50&set=set1
Christian,Forrestor,Male,https://robohash.org/aliasanimiut.bmp?size=50x50&set=set1
Odey,Searsby,Male,https://robohash.org/minusveleos.bmp?size=50x50&set=set1
Cornelia,Ebben,Female,https://robohash.org/corruptivoluptasdolorem.jpg?size=50x50&set=set1
Nerty,Hampe,Female,https://robohash.org/nonexplicaboquas.jpg?size=50x50&set=set1
Lucinda,Caiger,Female,https://robohash.org/autemrecusandaemaiores.png?size=50x50&set=set1
Caria,Asmus,Female,https://robohash.org/autdoloresdoloremque.bmp?size=50x50&set=set1
Duffy,Desaur,Male,https://robohash.org/estipsumprovident.bmp?size=50x50&set=set1
Nataniel,De Ortega,Male,https://robohash.org/inblanditiisquod.png?size=50x50&set=set1
Kalli,Archley,Female,https://robohash.org/estrepudiandaevoluptatum.bmp?size=50x50&set=set1
Jere,Meaking,Male,https://robohash.org/nequequicumque.bmp?size=50x50&set=set1
Jenilee,Venus,Female,https://robohash.org/evenietminimaanimi.bmp?size=50x50&set=set1
Jolee,Maypowder,Female,https://robohash.org/quasquiaet.jpg?size=50x50&set=set1
Chuck,Keattch,Male,https://robohash.org/autofficiistempora.png?size=50x50&set=set1
Dolorita,Glowacki,Female,https://robohash.org/dignissimosinaccusantium.png?size=50x50&set=set1
Denyse,Faherty,Female,https://robohash.org/laudantiumoccaecatimagni.jpg?size=50x50&set=set1
Dotti,Klezmski,Female,https://robohash.org/ducimusmollitiacum.bmp?size=50x50&set=set1
Ursulina,Pickance,Female,https://robohash.org/magnamfacilistemporibus.jpg?size=50x50&set=set1
Perceval,Cabell,Male,https://robohash.org/utmaximesit.png?size=50x50&set=set1
Carissa,Swaile,Female,https://robohash.org/quofugitblanditiis.png?size=50x50&set=set1
Cyndi,Luddy,Female,https://robohash.org/sequiharumdolor.png?size=50x50&set=set1
Ben,Gregoretti,Male,https://robohash.org/blanditiisquaeratest.jpg?size=50x50&set=set1
Freeland,Reckus,Male,https://robohash.org/quiquiaesse.png?size=50x50&set=set1
Jeromy,Ishaki,Male,https://robohash.org/voluptatescommodimaiores.bmp?size=50x50&set=set1
Ira,Pownall,Female,https://robohash.org/sapienteetautem.jpg?size=50x50&set=set1
Talbot,Harlock,Male,https://robohash.org/suscipitearumlibero.jpg?size=50x50&set=set1
Gigi,Flannery,Female,https://robohash.org/voluptatemquodnobis.jpg?size=50x50&set=set1
Reilly,Lewsey,Male,https://robohash.org/nondictaarchitecto.jpg?size=50x50&set=set1
Dynah,Exon,Female,https://robohash.org/mollitiadictaet.png?size=50x50&set=set1
Upton,Rulten,Male,https://robohash.org/quosmagnamsunt.bmp?size=50x50&set=set1
Fawn,Giraudeau,Female,https://robohash.org/undemagniquos.bmp?size=50x50&set=set1
Deane,Covell,Male,https://robohash.org/eaqueeumsapiente.jpg?size=50x50&set=set1
Clarence,Morsom,Male,https://robohash.org/sapientequispariatur.jpg?size=50x50&set=set1
Robinet,Lackie,Female,https://robohash.org/pariaturplaceatsit.png?size=50x50&set=set1
Una,Townson,Female,https://robohash.org/nemoillumerror.jpg?size=50x50&set=set1
Anne-corinne,Blaw,Female,https://robohash.org/quiasinttempora.png?size=50x50&set=set1
Uriel,McLaverty,Male,https://robohash.org/impeditveniamfacilis.jpg?size=50x50&set=set1
Aridatha,Sibbering,Female,https://robohash.org/doloremenimquasi.bmp?size=50x50&set=set1
Doti,Baldree,Female,https://robohash.org/velitcupiditatequod.bmp?size=50x50&set=set1
Cozmo,McCrostie,Male,https://robohash.org/occaecatietitaque.png?size=50x50&set=set1
Tabbi,Pilipets,Female,https://robohash.org/iurealiquamsoluta.jpg?size=50x50&set=set1
John,Garton,Male,https://robohash.org/laboriosamaperiamearum.jpg?size=50x50&set=set1
Vinni,Wickins,Female,https://robohash.org/voluptatumsednatus.png?size=50x50&set=set1
Adina,McNaught,Female,https://robohash.org/etassumendaquisquam.png?size=50x50&set=set1
